relevant	avg_tag_in_li	depth	number_bold	number_br	number_div	number_img	number_links	number_p	number_relevants	number_row	relevants_ratio
1	0.0	2	2	26	0	0	0	0	28	1	0.12
1	0.0	1	0	0	0	0	0	0	20	5	0.51
1	1.0	2	0	0	0	0	0	0	29	6	0.52
1	1.38	5	0	0	4	0	1	0	35	8	0.48
1	2.5	5	0	0	4	0	1	0	19	2	0.59
1	4.56	4	8	8	0	0	0	0	88	9	0.49
1	3.67	4	2	2	0	0	0	0	66	3	0.41
1	2.0	2	0	0	12	0	0	0	35	6	0.44
1	0.0	1	0	0	0	0	0	0	127	1	0.48
1	0.0	2	0	10	0	0	0	0	9	1	0.19
1	2.0	2	0	0	16	0	0	0	25	8	0.53
1	0.0	1	0	0	0	0	0	0	11	4	0.52
1	0.0	1	0	0	0	0	0	0	45	5	0.41
1	0.0	1	0	0	0	0	0	0	6	6	0.46
1	2.0	2	0	0	2	0	0	0	21	1	0.51
1	2.0	2	0	0	8	0	0	0	26	4	0.49
1	1.6	5	0	0	4	0	1	0	25	5	0.44
1	1.5	5	0	0	4	0	1	0	44	6	0.55
1	4.64	4	10	10	0	0	0	0	99	11	0.48
1	0.0	1	0	0	0	0	0	0	18	8	0.43
1	0.0	1	0	0	0	0	0	0	69	1	0.52
1	1.0	2	0	0	0	0	0	0	27	5	0.52
1	2.0	2	0	0	16	0	0	0	29	8	0.6
1	0.0	1	0	11	0	0	0	0	29	10	0.49
1	0.0	1	0	0	0	0	0	0	138	1	0.48
1	0.0	1	0	0	0	0	0	0	21	7	0.68
1	1.38	5	0	0	4	0	1	0	38	8	0.49
1	0.0	1	0	0	0	0	0	0	19	5	0.51
1	2.0	2	0	0	16	0	0	0	20	8	0.61
1	0.0	1	0	0	0	0	0	0	121	1	0.49
1	2.0	2	0	0	6	0	0	0	25	3	0.66
1	2.5	5	0	0	4	0	1	0	14	2	0.54
1	2.0	2	0	0	4	0	0	0	2	2	0.5
1	0.0	1	0	0	0	0	0	0	24	5	0.62
1	3.0	4	1	1	0	0	0	0	14	2	0.32
1	4.5	4	7	7	0	0	0	0	69	8	0.51
1	4.56	4	8	8	0	0	0	0	83	9	0.49
1	4.33	4	5	5	0	0	0	0	102	6	0.4
1	0.0	2	0	8	0	0	0	0	7	1	0.2
1	0.2	3	0	0	0	0	0	0	67	45	0.59
1	0.0	2	0	1	0	0	0	0	3	1	0.11
1	4.6	4	9	9	0	0	0	0	90	10	0.47
1	1.75	5	0	0	4	0	1	0	29	4	0.56
1	1.5	5	0	0	4	0	1	0	50	6	0.58
1	0.0	1	0	0	0	0	0	0	128	1	0.49
1	2.0	2	0	0	2	0	0	0	16	1	0.57
1	4.43	4	6	6	0	0	0	0	62	7	0.41
1	2.0	2	0	0	4	0	0	0	38	2	0.6
1	2.0	2	0	0	10	0	0	0	16	5	0.52
1	0.0	1	0	0	0	0	0	0	29	1	0.38
1	0.0	1	0	0	0	0	0	0	19	2	0.66
1	0.0	1	0	0	0	0	0	0	146	1	0.53
1	2.0	2	0	0	10	0	0	0	17	5	0.53
1	2.0	2	0	0	10	0	0	0	29	5	0.48
1	0.0	2	0	1	0	0	0	0	9	1	0.19
1	1.5	5	0	0	4	0	1	0	45	6	0.52
1	1.5	5	0	0	4	0	1	0	36	6	0.51
1	4.33	4	5	5	0	0	0	0	43	6	0.43
1	0.0	2	0	0	0	0	1	0	4	1	0.67
1	0.0	2	0	2	0	0	0	0	7	1	0.35
1	1.5	5	0	0	4	0	1	0	60	6	0.58
1	2.0	2	0	0	4	0	0	0	24	2	0.71
1	4.6	4	9	9	0	0	0	0	83	10	0.4
1	2.0	2	0	0	6	0	0	0	41	3	0.58
1	2.0	2	0	0	4	0	0	0	5	2	0.56
1	1.0	2	0	2	0	0	0	0	33	2	0.67
1	0.0	2	0	12	0	0	0	0	24	1	0.3
1	0.0	1	0	0	0	0	0	0	27	6	0.53
1	0.0	1	0	0	0	0	0	0	54	1	0.51
1	1.0	2	0	11	0	0	0	0	31	10	0.53
1	4.56	4	8	8	0	0	0	0	111	9	0.47
1	1.5	5	0	0	4	0	1	0	35	6	0.41
1	2.0	2	0	0	4	0	0	0	30	2	0.61
1	2.0	2	0	0	4	0	0	0	12	2	0.75
1	0.0	1	0	0	0	0	0	0	17	7	0.68
1	1.0	2	0	0	0	0	0	0	64	7	0.44
1	0.0	1	0	0	0	0	0	0	8	1	0.67
1	1.6	5	0	0	4	0	1	0	65	5	0.64
1	0.0	1	0	0	0	0	0	0	9	9	0.43
1	0.0	2	0	6	0	0	0	0	8	1	0.18
1	4.33	4	5	5	0	0	0	0	35	6	0.47
1	4.43	4	6	6	0	0	0	0	52	7	0.48
1	2.0	2	0	0	12	0	0	0	21	6	0.75
1	2.0	2	0	0	18	0	0	0	25	9	0.61
1	0.0	1	0	0	0	0	0	0	13	8	0.57
1	2.0	2	0	0	14	0	0	0	18	7	0.69
1	1.75	5	0	0	4	0	1	0	20	4	0.49
1	4.6	4	9	9	0	0	0	0	105	10	0.51
1	0.0	1	0	0	0	0	0	0	2	2	0.33
1	0.0	1	0	0	0	0	0	0	3	3	0.33
1	2.0	2	0	0	8	0	0	0	40	4	0.61
1	1.43	5	0	0	4	0	1	0	30	7	0.56
1	1.5	5	0	0	4	0	1	0	38	6	0.54
1	2.0	2	0	0	4	0	0	0	17	2	0.68
1	1.5	5	0	0	4	0	1	0	49	6	0.52
1	1.5	5	0	0	4	0	1	0	75	6	0.62
1	0.0	2	0	14	0	0	0	0	18	1	0.22
1	0.0	2	0	0	0	0	1	0	10	1	0.59
1	1.5	5	0	0	4	0	1	0	37	6	0.41
1	2.0	2	0	0	14	0	0	0	20	7	0.67
1	2.0	2	0	0	8	0	0	0	23	4	0.51
1	2.0	2	0	0	18	0	0	0	26	9	0.5
1	0.75	2	0	3	0	0	0	0	39	4	0.55
1	4.33	4	5	5	0	0	0	0	86	6	0.5
1	1.0	2	0	0	0	0	0	0	22	4	0.54
1	0.0	1	0	0	0	0	0	0	14	3	0.52
1	4.6	4	9	9	0	0	0	0	102	10	0.49
1	0.0	2	0	14	0	0	0	0	12	1	0.14
1	0.0	1	0	0	0	0	0	0	27	8	0.63
1	1.0	2	0	0	0	0	0	0	52	7	0.41
1	0.0	1	0	0	0	0	0	0	34	15	0.49
1	1.0	2	0	0	0	0	0	0	26	6	0.57
1	0.0	1	0	0	0	0	0	0	36	5	0.58
1	1.38	5	0	0	4	0	1	0	23	8	0.37
1	0.0	2	0	8	0	0	0	0	5	1	0.18
1	2.0	2	0	0	4	0	0	0	42	2	0.55
1	1.5	5	0	0	4	0	1	0	65	6	0.59
1	1.0	2	0	0	0	0	0	0	1	1	0.25
1	1.75	5	0	0	4	0	1	0	22	4	0.56
1	2.0	2	0	0	2	0	0	0	10	1	0.71
1	1.38	5	0	0	4	0	1	0	28	8	0.41
1	2.0	2	0	0	8	0	0	0	8	4	0.57
1	4.43	4	6	6	0	0	0	0	83	7	0.42
1	4.14	4	15	0	109	0	76	0	164	109	0.42
1	0.0	1	0	0	0	0	0	0	10	1	0.56
1	1.7	3	5	6	0	0	2	0	90	23	0.55
1	2.0	2	0	0	6	0	0	0	13	3	0.81
1	0.0	1	0	0	0	0	0	0	124	95	0.53
1	2.0	2	0	0	8	0	0	0	28	4	0.54
1	2.0	2	0	0	12	0	0	0	26	6	0.63
1	4.69	4	12	12	0	0	0	0	81	13	0.45
1	2.0	2	0	0	4	0	0	0	19	2	0.7
1	0.0	1	0	0	0	0	0	0	9	8	0.53
1	2.5	5	0	0	4	0	1	0	9	2	0.45
1	0.27	3	0	0	0	0	0	0	80	56	0.62
1	0.0	2	0	0	0	0	1	0	27	1	0.5
1	2.0	2	0	0	10	0	0	0	22	5	0.51
1	0.0	1	0	0	0	0	0	0	24	1	0.47
1	4.0	4	3	3	0	0	0	0	92	4	0.42
1	0.0	1	0	0	0	0	0	0	18	1	0.47
1	0.0	1	0	0	0	0	0	0	9	2	0.6
1	0.0	2	2	6	0	0	0	0	1	1	0.05
1	0.0	1	0	0	0	0	0	0	43	5	0.6
1	0.0	1	0	0	0	0	0	0	131	1	0.55
1	1.33	5	0	0	4	0	1	0	22	9	0.25
1	4.43	4	6	6	0	0	0	0	82	7	0.44
1	4.0	4	3	3	0	0	0	0	68	4	0.37
1	0.0	1	0	0	0	0	0	0	47	1	0.47
1	1.5	5	0	0	4	0	1	0	74	6	0.37
1	2.0	2	0	0	4	0	0	0	4	2	0.57
1	2.0	2	0	0	8	0	0	0	6	4	0.55
1	1.0	2	0	0	0	0	0	0	66	7	0.43
1	1.43	5	0	0	4	0	1	0	28	7	0.36
1	2.0	2	0	0	14	0	0	0	15	7	0.6
1	0.0	1	0	0	0	0	0	0	80	1	0.51
1	0.0	2	0	0	0	0	1	0	8	1	0.44
1	0.0	1	0	0	0	0	0	0	73	1	0.46
1	0.3	3	0	0	0	0	0	0	79	56	0.56
1	0.0	1	0	0	0	0	0	0	38	1	0.38
1	0.29	3	1	0	0	0	1	0	19	7	0.31
1	2.0	2	0	0	4	0	0	0	13	2	0.72
1	0.75	2	0	3	0	0	0	0	51	4	0.65
1	4.6	4	9	9	0	0	0	0	97	10	0.37
1	2.0	2	0	0	18	0	0	0	23	9	0.61
1	2.0	5	0	0	4	0	1	0	27	3	0.4
1	4.67	4	11	11	0	0	0	0	93	12	0.5
1	2.0	2	6	6	0	0	0	0	79	6	0.45
1	0.0	1	0	0	0	0	0	0	45	7	0.56
1	1.6	5	0	0	4	0	1	0	31	5	0.48
1	0.0	1	0	0	0	0	0	0	14	4	0.78
1	0.0	1	0	0	0	0	0	0	59	1	0.53
1	2.0	2	0	0	12	0	0	0	27	6	0.57
1	2.0	2	0	0	14	0	0	0	25	7	0.71
1	0.0	2	0	15	0	0	0	0	16	1	0.16
1	0.0	2	0	6	0	0	0	0	12	1	0.22
1	2.0	2	0	0	8	0	0	0	10	4	0.62
1	4.43	4	6	6	0	0	0	0	64	7	0.5
1	2.0	2	0	0	2	0	0	0	5	1	0.62
1	2.0	2	0	0	8	0	0	0	4	4	0.4
1	1.38	5	0	0	4	0	1	0	36	8	0.49
1	0.0	1	0	0	0	0	0	0	102	38	0.56
1	0.0	2	0	3	0	0	0	0	7	1	0.28
1	0.0	2	0	12	0	0	0	0	10	1	0.24
1	2.0	5	0	0	4	0	1	0	55	3	0.61
1	4.5	4	7	7	0	0	0	0	108	8	0.43
1	0.75	2	0	3	0	0	0	0	46	4	0.61
1	0.0	1	0	0	0	0	0	0	20	3	0.62
1	0.0	2	0	10	0	0	0	0	20	1	0.24
1	4.69	4	12	12	0	0	0	0	109	13	0.49
1	0.0	1	0	0	0	0	0	0	36	6	0.54
1	0.0	1	0	0	0	0	0	0	21	8	0.64
1	0.0	1	0	0	0	0	0	0	52	1	0.48
1	1.5	5	0	0	4	0	1	0	90	6	0.43
1	0.0	1	0	0	0	0	0	0	143	1	0.52
1	0.0	1	0	0	0	0	0	0	10	4	0.59
1	0.0	1	0	7	0	0	0	0	14	6	0.34
1	1.6	5	0	0	4	0	1	0	10	5	0.34
1	0.0	1	0	0	0	0	0	0	16	5	0.64
1	2.0	2	0	0	14	0	0	0	21	7	0.7
1	1.6	5	0	0	4	0	1	0	15	5	0.52
1	0.0	1	0	0	0	0	0	0	2	1	0.4
1	0.0	2	0	8	0	0	0	0	8	1	0.17
1	0.88	2	0	7	0	0	0	0	59	8	0.58
1	2.0	2	0	0	2	0	0	0	9	1	0.69
1	2.0	2	0	0	4	0	0	0	29	2	0.56
1	4.64	4	10	10	0	0	0	0	92	11	0.46
1	0.0	1	0	0	0	0	0	0	9	5	0.38
1	2.0	2	0	0	6	0	0	0	0	3	0.0
1	0.0	1	0	0	0	0	0	0	7	6	0.44
1	1.5	5	0	0	4	0	1	0	85	6	0.5
1	0.0	1	0	8	0	0	0	0	14	7	0.45
1	0.0	1	0	0	0	0	0	0	125	1	0.5
1	2.0	2	0	0	10	0	0	0	11	5	0.48
1	1.0	2	0	0	0	0	0	0	23	6	0.45
1	1.5	5	0	0	4	0	1	0	31	6	0.52
1	2.0	2	0	0	4	0	0	0	9	2	0.82
1	4.43	4	6	6	0	0	0	0	88	7	0.43
1	2.0	2	0	0	8	0	0	0	3	4	0.38
1	1.5	5	0	0	4	0	1	0	73	6	0.46
1	0.0	1	0	0	0	0	0	0	18	3	0.56
1	0.0	1	0	0	0	0	0	0	31	9	0.44
1	1.6	5	0	0	4	0	1	0	18	5	0.43
1	0.0	1	0	0	0	0	0	0	7	8	0.47
1	0.0	1	0	0	0	0	0	0	37	1	0.49
1	2.0	2	0	0	12	0	0	0	20	6	0.62
1	0.0	1	0	0	0	0	0	0	8	4	0.53
1	2.0	2	0	0	4	0	0	0	25	2	0.64
1	2.0	2	0	0	8	0	0	0	32	4	0.52
1	0.0	2	7	31	0	0	0	0	20	1	0.12
1	0.0	1	0	0	0	0	0	0	10	5	0.56
1	0.9	2	0	9	0	0	0	0	33	10	0.43
1	0.0	1	0	0	0	0	0	0	49	1	0.53
1	0.0	1	0	0	0	0	0	0	30	1	0.41
1	2.0	2	0	0	20	0	0	0	28	10	0.7
1	1.5	5	0	0	4	0	1	0	96	6	0.57
1	1.33	5	0	0	4	0	1	0	58	9	0.56
1	4.43	4	6	6	0	0	0	0	106	7	0.41
1	0.0	1	0	0	0	0	0	0	93	1	0.47
1	0.0	1	0	9	0	0	0	0	14	8	0.34
1	0.0	1	0	0	0	0	0	0	20	9	0.43
1	2.0	2	0	0	2	0	0	0	17	1	0.53
1	1.5	5	0	0	4	0	1	0	58	6	0.46
1	0.0	1	0	0	0	0	0	0	43	6	0.58
1	1.33	5	0	0	4	0	1	0	21	9	0.33
1	0.0	1	0	0	0	0	0	0	54	5	0.61
1	2.0	2	0	0	4	0	0	0	3	2	0.43
1	2.0	2	0	0	2	0	0	0	31	1	0.58
1	1.5	5	0	0	4	0	1	0	34	6	0.47
1	0.0	1	0	0	0	0	0	0	12	7	0.29
1	0.0	1	0	0	0	0	0	0	12	1	0.4
1	0.0	1	0	0	0	0	0	0	8	3	0.35
1	0.29	3	1	0	0	0	1	0	12	7	0.35
1	2.0	2	0	0	10	0	0	0	31	5	0.5
1	2.0	2	0	0	10	0	0	0	20	5	0.67
1	0.0	1	0	10	0	0	0	0	20	9	0.39
1	0.0	1	0	0	0	0	0	0	5	7	0.31
1	0.0	2	0	0	0	0	1	0	9	1	0.45
1	0.75	2	0	3	0	0	0	0	43	4	0.57
1	0.0	1	0	0	0	0	0	0	103	1	0.45
1	2.5	5	0	0	4	0	1	0	22	2	0.65
1	1.33	5	0	0	4	0	1	0	54	9	0.48
1	0.0	1	0	0	0	0	0	0	8	6	0.62
1	0.0	1	0	0	0	0	0	0	4	3	0.36
1	1.0	2	0	0	0	0	0	0	16	5	0.47
1	0.0	1	0	0	0	0	0	0	31	13	0.76
1	0.0	1	0	0	0	0	0	0	63	1	0.53
1	0.0	1	0	0	0	0	0	0	12	4	0.55
1	1.0	2	0	0	0	0	0	0	42	4	0.4
1	1.6	5	0	0	4	0	1	0	39	5	0.5
1	0.0	2	0	5	0	0	0	0	13	1	0.24
1	0.0	2	0	331	0	0	0	0	72	1	0.13
1	2.0	2	0	0	10	0	0	0	13	5	0.76
1	0.0	1	0	0	0	0	0	0	26	5	0.41
1	2.0	2	0	0	20	0	0	0	34	10	0.64
1	0.0	2	16	56	0	0	0	0	33	1	0.17
1	0.0	1	0	0	0	0	0	0	39	6	0.55
1	0.0	1	0	0	0	0	0	0	30	3	0.71
1	4.56	4	8	8	0	0	0	0	91	9	0.47
1	2.0	2	0	0	8	0	0	0	14	4	0.67
1	0.0	2	0	5	0	0	0	0	4	1	0.11
1	0.0	1	0	0	0	0	0	0	4	2	0.44
1	2.0	2	0	0	10	0	0	0	30	5	0.52
1	1.5	5	0	0	4	0	1	0	72	6	0.58
1	1.0	2	0	0	0	0	0	0	31	6	0.58
1	0.0	1	0	0	0	0	0	0	89	1	0.43
1	4.33	4	5	5	0	0	0	0	73	6	0.34
1	1.5	5	0	0	4	0	1	0	51	6	0.59
1	0.0	1	0	0	0	0	0	0	19	1	0.53
1	2.0	2	5	5	0	0	0	0	96	5	0.44
1	1.0	2	0	0	0	0	0	0	26	5	0.5
1	2.0	2	0	0	6	0	0	0	28	3	0.64
1	0.0	1	0	0	0	0	0	0	59	5	0.63
1	2.0	5	0	0	4	0	1	0	13	3	0.45
1	2.0	2	0	0	20	0	0	0	42	10	0.72
1	0.0	2	0	17	0	0	0	0	28	1	0.2
1	0.0	1	0	0	0	0	0	0	61	1	0.58
1	1.75	5	0	0	4	0	1	0	14	4	0.48
1	2.5	5	0	0	4	0	1	0	8	2	0.44
1	1.0	2	0	0	0	0	0	0	19	4	0.56
1	0.75	2	0	3	0	0	0	0	40	4	0.65
1	0.0	1	0	0	0	0	0	0	66	1	0.53
1	0.0	1	0	0	0	0	0	0	106	1	0.41
1	0.0	1	0	0	0	0	0	0	21	5	0.49
1	2.0	2	0	0	6	0	0	0	35	3	0.59
1	0.0	1	0	0	0	0	0	0	5	6	0.38
1	0.0	1	0	0	0	0	0	0	28	5	0.47
1	4.0	4	3	3	0	0	0	0	21	4	0.53
1	2.0	2	0	0	12	0	0	0	28	6	0.51
1	0.0	2	0	1	0	0	0	0	1	1	0.07
1	1.5	5	0	0	4	0	1	0	69	6	0.62
1	1.0	2	0	0	0	0	0	0	8	4	0.62
1	0.0	1	0	0	0	0	0	0	27	1	0.5
1	0.0	1	0	0	0	0	0	0	21	9	0.49
1	0.0	1	0	0	0	0	0	0	15	9	0.6
1	1.38	5	0	0	4	0	1	0	48	8	0.61
1	0.0	2	0	0	0	0	1	0	7	1	0.58
1	1.38	5	0	0	4	0	1	0	34	8	0.52
1	1.0	2	0	0	0	0	0	0	56	5	0.44
1	1.0	2	0	0	0	0	0	0	69	7	0.49
1	2.0	2	0	0	6	0	0	0	38	3	0.62
1	2.0	5	0	0	4	0	1	0	14	3	0.3
1	2.0	2	0	0	12	0	0	0	22	6	0.71
1	1.0	2	0	0	0	0	0	0	9	1	0.5
1	4.56	4	8	8	0	0	0	0	117	9	0.4
1	2.5	5	0	0	4	0	1	0	24	2	0.46
1	2.0	2	0	0	12	0	0	0	25	6	0.54
1	2.0	2	0	0	6	0	0	0	33	3	0.66
1	2.0	2	7	7	0	0	0	0	85	7	0.39
1	0.0	2	0	7	0	0	0	0	7	1	0.25
1	0.0	1	0	11	0	0	0	0	26	10	0.54
1	0.0	1	0	0	0	0	0	0	11	6	0.73
1	1.6	5	0	0	4	0	1	0	14	5	0.35
1	2.5	5	0	0	4	0	1	0	32	2	0.43
1	2.5	5	0	0	4	0	1	0	11	2	0.48
1	0.0	1	0	0	0	0	0	0	41	1	0.45
1	0.0	2	0	4	0	0	0	0	4	1	0.13
1	4.33	4	5	5	0	0	0	0	111	6	0.4
1	0.9	2	0	11	0	0	0	0	37	10	0.65
1	1.38	5	0	0	4	0	1	0	24	8	0.36
1	1.6	5	0	0	4	0	1	0	40	5	0.51
1	1.0	2	0	4	0	0	0	0	22	4	0.61
1	0.0	1	0	0	0	0	0	0	15	7	0.58
1	2.0	5	0	0	4	0	1	0	37	3	0.47
1	2.0	2	0	0	6	0	0	0	17	3	0.81
1	0.0	1	0	0	0	0	0	0	32	1	0.43
1	1.5	5	0	0	4	0	1	0	59	6	0.58
1	1.0	2	0	0	0	0	0	0	62	7	0.42
1	0.2	2	0	1	0	0	0	0	24	5	0.69
1	0.0	1	0	0	0	0	0	0	10	7	0.48
1	0.0	1	0	0	0	0	0	0	14	7	0.61
1	1.0	2	0	0	0	0	0	0	28	4	0.56
1	2.0	2	0	0	14	0	0	0	24	7	0.69
1	1.75	5	0	0	4	0	1	0	35	4	0.65
1	1.0	2	0	0	0	0	0	0	82	7	0.47
1	4.2	4	4	4	0	0	0	0	68	5	0.46
1	1.75	5	0	0	4	0	1	0	28	4	0.62
1	1.5	5	0	0	4	0	1	0	27	6	0.42
1	0.0	2	0	7	0	0	0	0	6	1	0.21
1	4.2	4	4	4	0	0	0	0	29	5	0.43
1	0.0	1	0	0	0	0	0	0	28	7	0.68
1	2.5	5	0	0	4	0	1	0	16	2	0.46
1	1.0	2	0	0	0	0	0	0	18	5	0.58
1	1.0	2	0	0	0	0	0	0	19	6	0.54
1	1.43	5	0	0	4	0	1	0	50	7	0.56
1	1.0	2	0	3	0	0	0	0	31	3	0.61
1	1.43	5	0	0	4	0	1	0	53	7	0.51
1	1.38	5	0	0	4	0	1	0	53	8	0.58
1	0.0	1	0	0	0	0	0	0	19	4	0.63
1	4.2	4	4	4	0	0	0	0	51	5	0.48
1	4.56	4	8	8	0	0	0	0	47	9	0.5
1	1.6	5	0	0	4	0	1	0	13	5	0.25
1	0.0	1	0	0	0	0	0	0	13	7	0.54
1	2.0	2	0	0	8	0	0	0	27	4	0.52
1	2.0	2	0	0	8	0	0	0	1	4	0.08
1	2.0	2	0	0	2	0	0	0	18	1	0.72
1	1.6	5	0	0	4	0	1	0	26	5	0.57
1	1.33	5	0	0	4	0	1	0	34	9	0.49
1	2.0	2	0	0	14	0	0	0	27	7	0.69
1	2.0	2	0	0	8	0	0	0	2	4	0.14
1	0.75	2	0	3	0	0	0	0	42	4	0.56
1	4.56	4	8	8	0	0	0	0	105	9	0.46
1	0.0	1	0	0	0	0	0	0	17	6	0.65
1	2.0	2	0	0	4	0	0	0	21	2	0.66
1	1.0	2	0	0	0	0	0	0	17	7	0.47
1	0.0	1	0	0	0	0	0	0	45	1	0.51
1	1.43	5	0	0	4	0	1	0	32	7	0.53
1	0.0	2	0	6	0	0	0	0	5	1	0.15
1	1.0	2	0	0	0	0	0	0	39	7	0.6
1	0.83	2	0	5	0	0	0	0	58	6	0.6
1	2.0	2	0	0	2	0	0	0	6	1	0.55
1	0.0	2	0	0	0	0	1	0	3	1	0.6
1	2.0	2	0	0	4	0	0	0	7	2	0.47
1	1.5	5	0	0	4	0	1	0	17	6	0.35
1	0.0	1	0	0	0	0	0	0	3	4	0.27
1	4.33	4	5	5	0	0	0	0	64	6	0.42
1	1.5	5	0	0	4	0	1	0	23	6	0.38
1	0.0	1	0	0	0	0	0	0	11	7	0.48
1	0.0	1	0	0	0	0	0	0	25	6	0.74
1	1.5	5	0	0	4	0	1	0	100	6	0.51
1	0.0	1	0	0	0	0	0	0	36	1	0.4
1	0.0	1	0	0	0	0	0	0	12	2	0.6
1	0.0	1	0	0	0	0	0	0	7	4	0.39
1	1.75	5	0	0	4	0	1	0	12	4	0.38
1	2.0	2	0	0	4	0	0	0	8	2	0.5
1	2.0	2	0	0	14	0	0	0	13	7	0.5
1	2.0	2	0	0	6	0	0	0	4	3	0.44
1	3.67	4	2	2	0	0	0	0	38	3	0.39
1	0.0	2	2	28	0	0	0	0	42	1	0.21
1	0.0	1	0	0	0	0	0	0	13	2	0.39
1	0.0	1	0	0	0	0	0	0	70	1	0.45
1	0.0	1	0	0	0	0	0	0	5	2	0.45
1	0.0	2	0	7	0	0	0	0	5	1	0.13
1	2.0	2	0	0	12	0	0	0	12	6	0.6
1	0.0	1	0	0	0	0	0	0	12	9	0.67
1	2.0	2	0	0	4	0	0	0	16	2	0.64
1	0.0	5	14	42	0	0	0	0	39	1	0.18
1	2.5	5	0	0	4	0	1	0	7	2	0.37
1	2.5	5	0	0	4	0	1	0	17	2	0.47
1	4.76	4	16	16	0	0	0	0	72	17	0.49
1	0.0	2	0	4	0	0	0	0	5	1	0.13
1	0.0	2	11	70	0	0	0	0	49	1	0.14
1	0.0	1	0	0	0	0	0	0	135	1	0.54
1	0.0	1	0	11	0	0	0	0	31	10	0.55
1	0.0	1	0	0	0	0	0	0	49	5	0.56
1	0.0	2	0	0	0	0	1	0	5	1	0.26
1	1.38	5	0	0	4	0	1	0	40	8	0.54
1	1.6	5	0	0	4	0	1	0	37	5	0.5
1	1.6	5	0	0	4	0	1	0	9	5	0.36
1	0.0	1	0	0	0	0	0	0	11	2	0.58
1	0.0	1	0	0	0	0	0	0	39	1	0.43
1	2.0	2	0	0	4	0	0	0	28	2	0.56
1	0.29	3	1	0	0	0	1	0	8	7	0.17
1	2.5	5	0	0	4	0	1	0	12	2	0.43
1	0.0	1	0	0	0	0	0	0	3	1	0.5
1	0.0	1	0	0	0	0	0	0	148	1	0.56
1	0.0	2	0	1	0	0	0	0	0	1	0.0
1	0.0	1	0	0	0	0	0	0	24	10	0.65
1	1.5	5	0	0	4	0	1	0	89	6	0.48
1	4.73	4	14	14	0	0	0	0	97	15	0.53
1	2.0	2	0	0	2	0	0	0	8	1	0.38
1	1.6	5	0	0	4	0	1	0	43	5	0.6
1	2.0	2	0	0	10	0	0	0	25	5	0.54
1	4.5	4	7	7	0	0	0	0	90	8	0.41
1	1.75	5	0	0	4	0	1	0	33	4	0.65
1	0.0	1	0	10	0	0	0	0	24	9	0.44
1	1.5	5	0	0	4	0	1	0	61	6	0.58
1	4.2	4	4	4	0	0	0	0	62	5	0.41
1	0.0	1	0	11	0	0	0	0	28	10	0.54
1	1.43	5	0	0	4	0	1	0	26	7	0.51
1	2.0	2	0	0	8	0	0	0	7	4	0.39
1	4.0	5	0	0	4	0	1	0	5	1	0.2
1	1.38	5	0	0	4	0	1	0	31	8	0.53
1	2.0	2	0	0	2	0	0	0	15	1	0.65
1	0.0	1	0	0	0	0	0	0	113	1	0.48
1	0.0	1	0	0	0	0	0	0	48	1	0.48
1	2.0	2	0	0	16	0	0	0	28	8	0.61
1	2.0	2	0	0	10	0	0	0	23	5	0.61
1	0.0	1	0	0	0	0	0	0	92	1	0.52
1	1.5	5	0	0	4	0	1	0	12	6	0.28
1	0.0	2	0	9	0	0	0	0	14	1	0.3
1	0.0	1	0	0	0	0	0	0	10	8	0.56
1	1.38	5	0	0	4	0	1	0	32	8	0.54
1	1.75	5	0	0	4	0	1	0	21	4	0.48
1	1.43	5	0	0	4	0	1	0	39	7	0.51
1	0.0	1	0	0	0	0	0	0	6	1	0.6
1	1.0	2	0	7	0	0	0	0	18	6	0.44
1	2.0	2	0	0	10	0	0	0	27	5	0.47
1	0.0	1	0	0	0	0	0	0	5	5	0.5
1	0.0	1	0	10	0	0	0	0	25	9	0.54
1	1.43	5	0	0	4	0	1	0	54	7	0.59
1	0.75	2	0	3	0	0	0	0	32	4	0.68
1	0.0	2	1	6	0	0	0	0	4	1	0.12
1	2.0	2	0	0	6	0	0	0	22	3	0.69
1	0.5	2	0	2	0	0	0	0	39	4	0.67
1	1.6	5	0	0	4	0	1	0	8	5	0.17
1	1.75	5	0	0	4	0	1	0	27	4	0.51
1	1.5	5	0	0	4	0	1	0	32	6	0.46
1	1.0	2	0	0	0	0	0	0	44	6	0.56
1	1.5	5	0	0	4	0	1	0	62	6	0.57
1	0.0	1	0	0	0	0	0	0	17	4	0.42
1	4.33	4	5	5	0	0	0	0	34	6	0.49
1	2.0	2	0	0	8	0	0	0	15	4	0.68
1	0.0	2	0	11	0	0	0	0	10	1	0.25
1	0.0	1	0	0	0	0	0	0	44	5	0.63
1	0.0	1	0	0	0	0	0	0	24	11	0.73
1	1.0	2	0	0	0	0	0	0	56	7	0.54
1	1.5	5	0	0	4	0	1	0	64	6	0.6
1	0.0	1	0	0	0	0	0	0	31	11	0.56
1	0.0	1	0	0	0	0	0	0	16	11	0.64
1	2.0	2	0	0	6	0	0	0	40	3	0.53
1	0.0	1	0	0	0	0	0	0	34	1	0.48
1	0.0	2	0	9	0	0	0	0	20	1	0.29
1	0.0	1	0	0	0	0	0	0	28	10	0.41
1	1.5	5	0	0	4	0	1	0	29	6	0.5
1	4.56	4	8	8	0	0	0	0	78	9	0.5
1	0.0	2	0	10	0	0	0	0	12	1	0.17
1	0.0	1	0	0	0	0	0	0	5	3	0.29
1	0.0	1	0	0	0	0	0	0	7	3	0.54
1	0.0	1	0	0	0	0	0	0	16	4	0.8
1	4.56	4	8	8	0	0	0	0	98	9	0.49
1	1.0	2	0	0	0	0	0	0	79	7	0.56
1	1.5	5	0	0	4	0	1	0	28	6	0.54
1	2.0	2	0	0	10	0	0	0	28	5	0.57
1	0.28	3	0	0	0	0	0	0	74	53	0.61
1	2.0	2	0	0	6	0	0	0	34	3	0.63
1	1.6	5	0	0	4	0	1	0	27	5	0.36
1	0.0	2	3	35	0	0	0	0	36	1	0.11
1	2.0	2	0	0	2	0	0	0	14	1	0.82
1	3.67	4	2	2	0	0	0	0	47	3	0.47
1	1.5	5	0	0	4	0	1	0	41	6	0.59
1	0.0	1	0	0	0	0	0	0	4	1	0.5
1	2.0	2	0	0	2	0	0	0	1	1	0.2
1	2.0	2	0	0	4	0	0	0	20	2	0.69
1	1.38	5	0	0	4	0	1	0	33	8	0.49
1	2.0	2	34	34	0	0	0	0	218	34	0.42
1	0.0	1	0	0	0	0	0	0	57	1	0.48
1	0.0	2	0	12	0	0	0	0	7	1	0.13
1	4.43	4	6	6	0	0	0	0	86	7	0.46
1	1.6	5	0	0	4	0	1	0	34	5	0.43
1	0.0	1	0	0	0	0	0	0	108	1	0.46
1	0.0	1	0	0	0	0	0	0	65	1	0.5
1	0.0	1	0	0	0	0	0	0	46	5	0.52
1	0.0	1	0	0	0	0	0	0	13	4	0.62
1	2.0	2	0	0	4	0	0	0	23	2	0.57
1	0.0	1	0	0	0	0	0	0	26	1	0.4
1	0.0	1	0	0	0	0	0	0	39	10	0.45
1	0.0	1	0	0	0	0	0	0	12	5	0.75
1	2.0	2	0	0	16	0	0	0	27	8	0.57
1	4.33	4	5	5	0	0	0	0	66	6	0.51
1	1.43	5	0	0	4	0	1	0	11	7	0.22
1	1.0	2	0	0	0	0	0	0	30	7	0.49
1	0.0	1	0	0	0	0	0	0	32	5	0.49
1	0.0	1	0	0	0	0	0	0	6	3	0.5
1	2.5	5	0	0	4	0	1	0	13	2	0.46
1	1.75	5	0	0	4	0	1	0	31	4	0.62
1	0.0	1	0	0	0	0	0	0	18	5	0.45
1	2.0	2	0	0	2	0	0	0	7	1	0.41
1	0.0	1	0	0	0	0	0	0	48	10	0.45
1	0.0	1	0	11	0	0	0	0	24	10	0.48
1	4.78	4	17	17	0	0	0	0	109	18	0.52
1	2.0	2	0	0	6	0	0	0	16	3	0.67
1	0.0	1	0	0	0	0	0	0	23	10	0.56
1	0.0	2	1	1	0	0	0	0	3	1	0.17
1	0.0	2	0	10	0	0	0	0	25	1	0.35
1	0.0	1	0	0	0	0	0	0	0	1	0.0
1	1.5	5	0	0	4	0	1	0	15	6	0.21
1	4.5	4	7	7	0	0	0	0	92	8	0.4
1	0.0	2	0	22	0	0	0	0	36	1	0.22
1	1.75	5	0	0	4	0	1	0	24	4	0.56
1	1.0	2	0	0	0	0	0	0	91	7	0.46
1	1.75	5	0	0	4	0	1	0	16	4	0.29
1	0.0	1	0	0	0	0	0	0	1	4	0.09
1	2.0	2	7	7	0	0	0	0	55	7	0.5
1	0.0	1	0	0	0	0	0	0	139	1	0.44
1	2.0	2	0	0	6	0	0	0	29	3	0.69
1	0.0	1	0	0	0	0	0	0	26	6	0.53
1	1.43	5	0	0	4	0	1	0	33	7	0.43
1	2.0	2	0	0	4	0	0	0	22	2	0.63
1	0.0	2	0	5	0	0	0	0	5	1	0.15
1	0.0	1	0	0	0	0	0	0	82	1	0.54
1	1.75	5	0	0	4	0	1	0	30	4	0.48
1	2.0	2	0	0	16	0	0	0	22	8	0.69
1	0.0	1	0	0	0	0	0	0	16	1	0.22
1	1.6	5	0	0	4	0	1	0	29	5	0.54
1	2.0	2	0	0	6	0	0	0	8	3	0.57
1	0.0	1	0	0	0	0	0	0	100	1	0.47
1	1.0	2	0	0	0	0	0	0	51	5	0.47
1	1.0	2	0	0	0	0	0	0	24	5	0.62
1	4.64	4	10	10	0	0	0	0	71	11	0.5
1	0.0	1	0	0	0	0	0	0	77	1	0.47
1	4.0	4	3	3	0	0	0	0	25	4	0.3
1	2.0	5	0	0	4	0	1	0	57	3	0.43
1	1.0	2	0	0	0	0	0	0	41	7	0.53
1	0.0	1	0	0	0	0	0	0	23	6	0.61
1	2.0	2	0	0	4	0	0	0	10	2	0.71
1	0.0	1	0	0	0	0	0	0	27	5	0.54
1	0.0	1	0	0	0	0	0	0	5	12	0.24
1	2.0	2	0	0	6	0	0	0	19	3	0.53
1	0.0	1	0	0	0	0	0	0	28	1	0.44
1	0.0	2	15	117	0	0	0	0	62	1	0.09
1	1.0	2	0	0	0	0	0	0	45	5	0.54
1	4.67	4	11	11	0	0	0	0	94	12	0.47
1	0.0	1	0	0	0	0	0	0	20	4	0.51
1	0.0	2	0	6	0	0	0	0	3	1	0.16
1	0.0	1	0	0	0	0	0	0	117	1	0.45
1	2.0	2	0	0	10	0	0	0	40	5	0.62
1	0.0	1	0	0	0	0	0	0	8	2	0.47
1	0.0	1	0	0	0	0	0	0	8	5	0.5
1	1.5	5	0	0	4	0	1	0	21	6	0.53
1	0.0	1	0	0	0	0	0	0	132	1	0.49
1	0.0	1	0	0	0	0	0	0	23	5	0.53
1	4.33	4	5	5	0	0	0	0	61	6	0.45
1	1.0	2	0	0	0	0	0	0	22	7	0.46
1	0.0	2	1	1	0	0	0	0	9	1	0.2
1	1.0	2	0	0	0	0	0	0	82	9	0.49
1	0.0	1	0	0	0	0	0	0	150	1	0.51
1	0.0	2	2	25	0	0	0	0	32	1	0.2
1	1.0	2	0	0	0	0	0	0	70	7	0.5
1	0.0	1	0	0	0	0	0	0	8	7	0.42
1	0.0	2	0	10	0	0	0	0	13	1	0.32
1	2.0	2	0	0	8	0	0	0	19	4	0.76
1	0.0	1	0	0	0	0	0	0	129	1	0.54
1	0.0	1	0	0	0	0	0	0	2	4	0.18
1	2.0	2	0	0	6	0	0	0	15	3	0.75
1	1.75	5	0	0	4	0	1	0	19	4	0.53
1	2.0	2	0	0	6	0	0	0	31	3	0.65
1	1.5	5	0	0	4	0	1	0	14	6	0.29
1	0.0	1	0	0	0	0	0	0	20	1	0.56
1	1.0	2	0	0	0	0	0	0	69	5	0.46
1	1.5	5	0	0	4	0	1	0	18	6	0.58
1	1.6	5	0	0	4	0	1	0	22	5	0.42
1	0.0	1	0	0	0	0	0	0	6	4	0.43
1	0.0	1	0	0	0	0	0	0	16	9	0.76
1	0.0	1	0	0	0	0	0	0	42	5	0.57
1	2.0	2	0	0	6	0	0	0	11	3	0.5
1	2.0	2	0	0	6	0	0	0	23	3	0.66
1	0.0	1	0	0	0	0	0	0	27	10	0.45
1	1.43	5	0	0	4	0	1	0	29	7	0.53
1	1.6	5	0	0	4	0	1	0	36	5	0.47
1	1.0	2	0	0	0	0	0	0	55	5	0.51
1	1.38	5	0	0	4	0	1	0	25	8	0.46
1	0.0	1	0	0	0	0	0	0	29	6	0.54
1	0.0	1	0	0	0	0	0	0	25	3	0.71
1	1.5	5	0	0	4	0	1	0	30	6	0.55
1	1.0	2	0	0	0	0	0	0	61	7	0.57
1	1.33	5	0	0	4	0	1	0	32	9	0.54
1	0.0	2	0	6	0	0	0	0	13	1	0.18
1	0.0	1	0	0	0	0	0	0	53	1	0.38
1	0.0	1	0	0	0	0	0	0	40	1	0.49
1	2.0	2	0	0	12	0	0	0	19	6	0.73
1	2.0	2	0	0	16	0	0	0	26	8	0.63
1	0.0	1	0	0	0	0	0	0	29	5	0.49
1	1.6	5	0	0	4	0	1	0	20	5	0.44
1	1.38	5	0	0	4	0	1	0	43	8	0.5
1	4.0	5	0	0	4	0	1	0	7	1	0.41
1	0.0	1	0	0	0	0	0	0	11	1	0.21
1	0.0	1	0	0	0	0	0	0	140	1	0.52
1	1.43	5	0	0	4	0	1	0	44	7	0.42
1	0.0	1	0	0	0	0	0	0	21	6	0.84
1	0.0	2	1	21	0	0	0	0	26	1	0.15
1	0.0	1	0	0	0	0	0	0	15	3	0.56
1	0.0	1	0	0	0	0	0	0	85	1	0.45
1	1.5	5	0	0	4	0	1	0	43	6	0.51
1	0.0	1	0	0	0	0	0	0	82	16	0.49
1	0.0	1	0	0	0	0	0	0	16	7	0.67
1	2.0	2	0	0	12	0	0	0	9	6	0.41
1	0.0	1	0	0	0	0	0	0	94	1	0.53
1	0.0	1	0	0	0	0	0	0	56	1	0.55
1	0.0	1	0	0	0	0	0	0	3	7	0.19
1	4.0	4	3	3	0	0	0	0	64	4	0.41
1	1.75	5	0	0	4	0	1	0	13	4	0.39
1	2.0	2	0	0	6	0	0	0	21	3	0.48
1	4.0	4	3	3	0	0	0	0	53	4	0.42
1	0.0	1	0	0	0	0	0	0	15	13	0.38
1	0.0	1	0	0	0	0	0	0	30	5	0.57
1	0.0	1	0	0	0	0	0	0	64	1	0.62
1	2.0	2	0	0	8	0	0	0	13	4	0.62
1	2.0	5	0	0	4	0	1	0	20	3	0.39
1	2.0	5	0	0	4	0	1	0	11	3	0.37
1	0.0	1	0	0	0	0	0	0	99	1	0.5
1	2.0	2	0	0	12	0	0	0	31	6	0.45
1	0.0	1	0	0	0	0	0	0	10	6	0.45
1	0.0	1	0	0	0	0	0	0	10	2	0.53
1	0.0	1	0	0	0	0	0	0	8	8	0.57
1	0.0	2	0	9	0	0	0	0	9	1	0.2
1	2.0	2	0	0	18	0	0	0	27	9	0.53
1	4.43	4	6	6	0	0	0	0	93	7	0.49
1	0.0	1	0	0	0	0	0	0	137	1	0.55
1	0.0	1	0	0	0	0	0	0	13	5	0.52
1	0.0	1	0	0	0	0	0	0	67	1	0.47
1	0.0	1	0	0	0	0	0	0	39	5	0.63
1	0.0	2	0	7	0	0	0	0	4	1	0.14
1	0.0	1	0	0	0	0	0	0	14	5	0.54
1	0.0	1	0	0	0	0	0	0	11	5	0.55
1	0.0	1	0	0	0	0	0	0	71	5	0.51
1	1.38	5	0	0	4	0	1	0	44	8	0.61
1	2.0	2	0	0	6	0	0	0	10	3	0.77
1	0.0	1	0	0	0	0	0	0	12	16	0.43
1	1.6	5	0	0	4	0	1	0	24	5	0.38
1	2.0	2	0	0	8	0	0	0	34	4	0.59
1	0.0	2	0	0	0	0	1	0	6	1	0.55
1	2.0	2	0	0	10	0	0	0	18	5	0.5
1	2.0	2	0	0	16	0	0	0	44	8	0.67
1	2.0	2	0	0	22	0	0	0	31	11	0.66
1	0.0	1	0	0	0	0	0	0	24	3	0.71
1	1.5	5	0	0	4	0	1	0	63	6	0.58
1	0.0	2	1	2	0	0	0	0	3	1	0.17
1	0.0	1	0	0	0	0	0	0	17	5	0.44
1	2.0	2	0	0	10	0	0	0	32	5	0.59
1	0.0	1	0	0	0	0	0	0	6	7	0.3
1	0.0	1	0	0	0	0	0	0	42	11	0.45
1	2.0	2	0	0	10	0	0	0	5	5	0.26
1	2.0	2	0	0	6	0	0	0	24	3	0.63
1	1.43	5	0	0	4	0	1	0	52	7	0.53
1	1.5	5	0	0	4	0	1	0	13	6	0.27
1	2.0	2	0	0	8	0	0	0	12	4	0.8
1	0.0	2	0	10	0	0	0	0	16	1	0.21
1	1.0	2	0	0	0	0	0	0	26	4	0.54
1	1.75	5	0	0	4	0	1	0	25	4	0.57
1	1.6	5	0	0	4	0	1	0	19	5	0.43
1	4.43	4	6	6	0	0	0	0	68	7	0.47
1	4.2	4	4	4	0	0	0	0	61	5	0.39
1	2.0	2	0	0	16	0	0	0	21	8	0.54
1	1.5	5	0	0	4	0	1	0	25	6	0.56
1	0.0	1	0	0	0	0	0	0	34	5	0.59
1	1.5	5	0	0	4	0	1	0	56	6	0.56
1	0.0	1	0	0	0	0	0	0	26	3	0.74
1	2.0	2	0	0	2	0	0	0	12	1	0.67
1	1.5	5	0	0	4	0	1	0	55	6	0.5
1	0.0	1	0	0	0	0	0	0	42	1	0.49
1	0.0	1	0	0	0	0	0	0	9	3	0.39
1	1.0	2	0	0	0	0	0	0	33	5	0.54
1	2.5	5	0	0	4	0	1	0	18	2	0.42
1	2.0	2	0	0	14	0	0	0	16	7	0.62
1	1.75	5	0	0	4	0	1	0	9	4	0.38
1	0.75	2	0	3	0	0	0	0	41	4	0.55
1	0.0	1	0	0	0	0	0	0	83	1	0.51
1	1.0	2	0	0	0	0	0	0	67	7	0.51
1	4.75	4	15	15	0	0	0	0	127	16	0.49
1	0.0	1	0	0	0	0	0	0	68	1	0.45
1	1.0	2	0	0	0	0	0	0	45	6	0.5
1	2.0	2	0	0	14	0	0	0	23	7	0.7
1	1.6	5	0	0	4	0	1	0	30	5	0.47
1	2.28	4	5	10	0	0	2	0	88	18	0.54
1	0.5	2	0	2	0	0	0	0	34	4	0.62
1	1.0	2	0	0	0	0	0	0	47	8	0.51
1	1.0	2	0	0	0	0	0	0	41	5	0.53
1	0.0	1	0	0	0	0	0	0	78	14	0.46
1	0.0	1	0	0	0	0	0	0	31	15	0.69
1	0.0	6	24	101	0	0	0	0	69	1	0.15
1	0.0	1	0	0	0	0	0	0	4	4	0.4
1	0.0	1	0	0	0	0	0	0	124	1	0.51
1	0.0	2	17	66	0	0	0	0	52	1	0.13
1	2.0	2	0	0	12	0	0	0	15	6	0.71
1	4.0	4	3	3	0	0	0	0	76	4	0.5
1	1.5	5	0	0	4	0	1	0	68	6	0.49
1	1.6	5	0	0	4	0	1	0	56	5	0.49
1	0.0	1	0	0	0	0	0	0	126	1	0.46
1	0.0	1	0	0	0	0	0	0	44	1	0.47
1	2.0	2	0	0	18	0	0	0	24	9	0.59
1	0.0	2	0	1	0	0	0	0	2	1	0.11
1	4.6	4	9	9	0	0	0	0	112	10	0.45
1	2.0	2	0	0	16	0	0	0	23	8	0.52
1	0.75	2	0	3	0	0	0	0	33	4	0.55
1	1.0	2	0	0	0	0	0	0	39	5	0.42
1	0.0	2	0	11	0	0	0	0	9	1	0.15
1	0.0	1	0	0	0	0	0	0	15	4	0.41
1	0.0	1	0	0	0	0	0	0	41	5	0.62
1	0.0	1	0	0	0	0	0	0	51	1	0.46
1	0.0	1	0	0	0	0	0	0	12	8	0.52
1	2.0	2	0	0	2	0	0	0	3	1	0.6
1	4.2	4	4	4	0	0	0	0	50	5	0.51
1	1.38	5	0	0	4	0	1	0	30	8	0.57
1	2.0	2	0	0	10	0	0	0	15	5	0.68
1	0.0	1	0	0	0	0	0	0	13	1	0.48
1	0.0	1	0	0	0	0	0	0	12	3	0.5
1	4.64	4	10	10	0	0	0	0	95	11	0.47
1	0.0	1	0	0	0	0	0	0	130	1	0.47
1	2.0	2	0	0	12	0	0	0	18	6	0.86
1	2.0	2	0	0	6	0	0	0	18	3	0.49
1	2.0	2	0	0	10	0	0	0	12	5	0.48
1	2.0	2	0	0	2	0	0	0	4	1	0.8
1	2.0	2	0	0	8	0	0	0	17	4	0.52
1	2.0	2	0	0	14	0	0	0	17	7	0.65
1	4.5	4	7	7	0	0	0	0	71	8	0.49
1	0.0	1	0	0	0	0	0	0	16	10	0.48
1	1.0	2	0	0	0	0	0	0	50	5	0.45
1	0.0	2	0	5	0	0	0	0	10	1	0.3
1	0.0	1	0	0	0	0	0	0	97	5	0.49
1	1.38	5	0	0	4	0	1	0	46	8	0.59
1	1.5	5	0	0	4	0	1	0	57	6	0.46
1	1.6	5	0	0	4	0	1	0	21	5	0.51
1	0.0	2	0	0	0	0	1	0	13	1	0.3
1	0.0	1	0	0	0	0	0	0	18	6	0.46
1	2.0	2	0	0	6	0	0	0	14	3	0.88
1	0.0	2	1	0	0	0	0	0	0	1	0.0
1	0.0	2	0	12	0	0	0	0	26	1	0.35
1	1.0	2	0	0	0	0	0	0	24	6	0.65
1	0.0	1	0	0	0	0	0	0	35	5	0.61
1	2.0	5	0	0	4	0	1	0	9	3	0.45
1	2.0	2	0	0	16	0	0	0	19	8	0.58
1	2.5	5	0	0	4	0	1	0	31	2	0.54
1	2.0	2	13	13	0	0	0	0	160	13	0.46
1	0.0	2	0	6	0	0	0	0	10	1	0.31
1	1.5	5	0	0	4	0	1	0	71	6	0.56
1	2.5	5	0	0	4	0	1	0	23	2	0.51
1	4.33	4	5	5	0	0	0	0	95	6	0.48
1	2.0	2	0	0	12	0	0	0	14	6	0.67
1	0.0	1	0	0	0	0	0	0	19	10	0.54
1	0.0	2	0	11	0	0	0	0	12	1	0.17
1	0.0	1	0	0	0	0	0	0	60	5	0.65
1	1.0	2	0	0	0	0	0	0	48	7	0.58
1	2.0	2	0	0	16	0	0	0	24	8	0.56
1	0.0	1	0	0	0	0	0	0	13	9	0.65
1	2.0	2	0	0	12	0	0	0	17	6	0.74
1	1.5	5	0	0	4	0	1	0	42	6	0.55
1	4.64	4	10	10	0	0	0	0	101	11	0.47
1	2.0	2	0	0	6	0	0	0	1	3	0.11
1	4.69	4	12	12	0	0	0	0	104	13	0.49
1	0.0	2	1	1	0	0	0	0	2	1	0.17
1	1.0	2	0	0	0	0	0	0	63	7	0.47
1	4.64	4	10	10	0	0	0	0	106	11	0.54
1	0.0	2	0	3	0	0	0	0	3	1	0.18
1	1.0	2	0	8	0	0	0	0	14	7	0.34
1	2.0	5	0	0	4	0	1	0	25	3	0.5
1	0.0	1	0	0	0	0	0	0	6	2	0.55
1	0.0	1	0	0	0	0	0	0	84	1	0.48
1	0.0	1	0	0	0	0	0	0	153	1	0.6
1	2.0	5	0	0	4	0	1	0	15	3	0.48
1	0.0	1	0	0	0	0	0	0	145	1	0.55
1	1.5	5	0	0	4	0	1	0	22	6	0.51
1	4.5	4	7	7	0	0	0	0	81	8	0.47
1	1.75	5	0	0	4	0	1	0	11	4	0.52
1	2.0	2	0	0	14	0	0	0	28	7	0.68
1	4.33	4	5	5	0	0	0	0	59	6	0.47
1	0.0	1	0	0	0	0	0	0	15	5	0.56
1	2.0	2	0	0	8	0	0	0	5	4	0.36
1	0.0	1	0	0	0	0	0	0	7	7	0.47
1	0.0	2	0	7	0	0	0	0	10	1	0.32
1	1.6	5	0	0	4	0	1	0	64	5	0.52
1	4.33	4	5	5	0	0	0	0	49	6	0.45
1	2.0	2	0	0	10	0	0	0	7	5	0.32
1	0.0	1	0	0	0	0	0	0	15	1	0.38
1	0.5	2	0	2	0	0	0	0	28	4	0.7
1	0.0	2	40	126	0	0	0	0	62	1	0.08
1	1.5	5	0	0	4	0	1	0	26	6	0.48
1	4.14	4	15	0	105	0	75	0	147	105	0.45
1	1.5	5	0	0	4	0	1	0	78	6	0.55
1	0.0	1	0	0	0	0	0	0	98	1	0.51
1	2.0	2	5	5	0	0	0	0	111	5	0.45
1	1.6	5	0	0	4	0	1	0	23	5	0.59
1	0.0	1	0	0	0	0	0	0	33	5	0.57
1	0.0	1	0	0	0	0	0	0	1	3	0.1
1	0.0	1	0	0	0	0	0	0	71	1	0.55
1	0.0	1	0	0	0	0	0	0	47	6	0.62
1	2.0	2	0	0	8	0	0	0	20	4	0.48
1	0.0	1	0	0	0	0	0	0	33	6	0.5
1	0.0	1	0	0	0	0	0	0	14	9	0.58
1	2.0	2	0	0	12	0	0	0	33	6	0.52
1	0.0	2	0	11	0	0	0	0	22	1	0.34
1	1.0	2	0	0	0	0	0	0	2	2	0.4
1	0.0	2	0	4	0	0	0	0	3	1	0.2
1	4.2	4	4	4	0	0	0	0	71	5	0.45
1	0.0	1	0	0	0	0	0	0	31	6	0.49
1	0.0	1	0	0	0	0	0	0	60	1	0.41
1	2.0	2	0	0	6	0	0	0	32	3	0.65
1	2.0	2	0	0	22	0	0	0	96	11	0.51
1	2.0	2	0	0	20	0	0	0	27	10	0.53
1	1.0	2	0	0	0	0	0	0	29	4	0.53
1	0.0	2	0	2	0	0	0	0	1	1	0.07
1	4.2	4	4	4	0	0	0	0	67	5	0.36
1	1.75	5	0	0	4	0	1	0	10	4	0.45
1	0.0	1	0	0	0	0	0	0	7	2	0.54
1	0.0	2	0	9	0	0	0	0	12	1	0.19
1	2.0	2	0	0	16	0	0	0	30	8	0.53
1	1.5	5	0	0	4	0	1	0	33	6	0.46
1	0.0	1	0	0	0	0	0	0	110	1	0.51
1	4.6	4	4	5	0	0	0	0	67	5	0.46
1	1.5	5	0	0	4	0	1	0	19	6	0.59
1	1.5	5	0	0	4	0	1	0	66	6	0.48
1	2.0	2	0	0	8	0	0	0	16	4	0.7
1	0.0	1	0	0	0	0	0	0	11	3	0.79
1	2.0	2	0	0	4	0	0	0	27	2	0.59
1	2.0	2	0	0	8	0	0	0	11	4	0.58
1	0.0	1	0	0	0	0	0	0	82	5	0.51
1	0.0	2	2	5	0	0	0	0	11	1	0.3
1	2.0	2	0	0	10	0	0	0	4	5	0.2
1	0.0	1	0	6	0	0	0	0	12	5	0.3
1	0.0	2	0	11	0	0	0	0	16	1	0.35
1	0.75	2	0	3	0	0	0	0	45	4	0.58
1	0.0	1	0	0	0	0	0	0	4	7	0.27
1	2.0	2	0	0	4	0	0	0	11	2	0.79
1	1.5	5	0	0	4	0	1	0	16	6	0.33
1	2.0	2	0	0	4	0	0	0	32	2	0.58
1	1.0	2	0	0	0	0	0	0	21	4	0.58
1	2.0	2	6	6	0	0	0	0	84	6	0.53
1	0.0	2	0	7	0	0	0	0	13	1	0.32
1	1.5	5	0	0	4	0	1	0	93	6	0.56
1	2.0	2	0	0	14	0	0	0	26	7	0.68
1	0.0	1	0	0	0	0	0	0	22	1	0.31
1	0.0	1	0	0	0	0	0	0	6	8	0.29
1	0.0	1	0	0	0	0	0	0	74	1	0.47
1	4.56	4	8	8	0	0	0	0	92	9	0.46
1	0.0	1	0	0	0	0	0	0	114	1	0.46
1	1.5	5	0	0	4	0	1	0	87	6	0.51
1	4.5	4	7	7	0	0	0	0	83	8	0.54
1	0.0	1	0	0	0	0	0	0	9	6	0.45
1	4.0	4	3	3	0	0	0	0	41	4	0.47
1	0.0	2	10	219	0	0	0	0	97	1	0.14
1	2.0	2	0	0	2	0	0	0	11	1	0.65
1	2.5	5	0	0	4	0	1	0	20	2	0.61
1	4.43	4	6	6	0	0	0	0	58	7	0.45
1	4.64	4	10	10	0	0	0	0	102	11	0.52
1	4.43	4	6	6	0	0	0	0	41	7	0.42
1	0.0	2	0	6	0	0	0	0	11	1	0.32
1	0.0	1	0	0	0	0	0	0	115	1	0.48
1	0.0	1	0	11	0	0	0	0	30	10	0.55
1	0.0	1	0	0	0	0	0	0	44	6	0.59
1	1.5	5	0	0	4	0	1	0	67	6	0.62
1	0.0	1	0	0	0	0	0	0	2	3	0.22
1	4.6	4	9	9	0	0	0	0	93	10	0.48
1	0.0	1	0	0	0	0	0	0	22	5	0.59
1	2.0	2	0	0	8	0	0	0	37	4	0.66
1	2.0	2	0	0	10	0	0	0	38	5	0.56
1	4.33	4	5	5	0	0	0	0	51	6	0.52
1	1.0	2	0	0	0	0	0	0	30	5	0.53
1	1.5	5	0	0	4	0	1	0	46	6	0.54
1	2.0	2	0	0	6	0	0	0	39	3	0.58
1	2.0	2	0	0	8	0	0	0	25	4	0.56
1	1.0	2	0	0	0	0	0	0	48	5	0.43
1	0.0	1	0	0	0	0	0	0	37	10	0.52
1	0.0	1	0	6	0	0	0	0	10	5	0.4
1	0.0	1	0	0	0	0	0	0	14	2	0.54
1	0.0	2	0	12	0	0	0	0	16	1	0.35
1	4.2	4	4	4	0	0	0	0	92	5	0.4
1	1.0	2	0	0	0	0	0	0	26	7	0.41
1	2.0	2	0	0	8	0	0	0	18	4	0.69
1	1.38	5	0	0	4	0	1	0	29	8	0.55
1	0.0	1	0	11	0	0	0	0	22	10	0.55
1	2.0	2	0	0	4	0	0	0	1	2	0.25
1	2.0	2	0	0	2	0	0	0	13	1	0.57
1	0.0	1	0	0	0	0	0	0	55	1	0.52
1	2.5	5	0	0	4	0	1	0	15	2	0.5
1	0.0	1	0	0	0	0	0	0	23	11	0.53
1	0.0	2	0	5	0	0	0	0	6	1	0.24
1	2.0	2	0	0	8	0	0	0	9	4	0.6
1	0.0	1	0	0	0	0	0	0	9	7	0.24
1	0.0	1	0	0	0	0	0	0	58	5	0.62
1	0.0	1	0	0	0	0	0	0	25	13	0.58
1	0.0	1	0	0	0	0	0	0	9	4	0.33
1	0.0	1	0	0	0	0	0	0	35	1	0.48
1	2.0	2	0	0	6	0	0	0	9	3	0.6
1	0.0	1	0	0	0	0	0	0	11	8	0.55
1	1.0	2	0	0	0	0	0	0	21	5	0.49
1	2.0	2	0	0	4	0	0	0	26	2	0.62
1	0.0	2	0	6	0	0	0	0	6	1	0.21
1	0.0	1	0	0	0	0	0	0	33	1	0.44
1	2.0	2	0	0	12	0	0	0	29	6	0.42
1	2.0	2	0	0	2	0	0	0	27	1	0.55
1	1.6	5	0	0	4	0	1	0	12	5	0.24
1	1.0	2	0	0	0	0	0	0	22	5	0.59
1	0.0	2	0	3	0	0	0	0	2	1	0.11
1	2.0	2	0	0	12	0	0	0	16	6	0.7
1	0.0	2	0	4	0	0	0	0	6	1	0.21
1	0.0	1	0	0	0	0	0	0	8	11	0.35
1	0.0	1	0	0	0	0	0	0	7	5	0.58
1	2.0	2	0	0	10	0	0	0	24	5	0.51
1	1.0	2	0	0	0	0	0	0	16	4	0.5
1	1.43	5	0	0	4	0	1	0	51	7	0.53
1	2.0	2	0	0	4	0	0	0	14	2	0.5
1	0.0	1	0	0	0	0	0	0	23	1	0.42
1	0.0	1	0	0	0	0	0	0	142	1	0.58
1	1.75	5	0	0	4	0	1	0	23	4	0.49
1	2.0	2	0	0	8	0	0	0	29	4	0.48
1	4.0	4	3	3	0	0	0	0	35	4	0.48
1	0.0	1	0	0	0	0	0	0	40	5	0.62
1	0.0	1	0	0	0	0	0	0	17	1	0.44
1	1.6	5	0	0	4	0	1	0	41	5	0.51
1	3.67	4	2	2	0	0	0	0	55	3	0.44
1	0.0	2	0	10	0	0	0	0	10	1	0.25
1	0.0	1	0	0	0	0	0	0	118	88	0.53
1	0.0	1	0	0	0	0	0	0	5	1	0.71
1	0.0	2	0	7	0	0	0	0	12	1	0.36
1	0.0	1	0	0	0	0	0	0	7	1	0.64
1	0.0	1	0	0	0	0	0	0	41	6	0.58
1	2.0	2	0	0	10	0	0	0	21	5	0.58
1	0.0	1	0	0	0	0	0	0	21	1	0.39
1	1.38	5	0	0	4	0	1	0	26	8	0.44
1	2.0	5	0	0	4	0	1	0	8	3	0.38
1	0.0	2	0	4	0	0	0	0	10	1	0.36
1	2.0	3	1	0	0	0	0	1	32	1	0.46
1	1.43	5	0	0	4	0	1	0	48	7	0.52
1	0.0	1	0	0	0	0	0	0	6	5	0.5
1	0.0	1	0	0	0	0	0	0	6	9	0.3
1	1.0	2	0	0	0	0	0	0	47	7	0.48
1	2.0	2	8	8	0	0	0	0	70	8	0.44
1	2.0	2	0	0	10	0	0	0	19	5	0.76
1	2.0	2	0	0	6	0	0	0	3	3	0.5
1	2.0	2	0	0	6	0	0	0	7	3	0.58
1	2.0	2	0	0	6	0	0	0	2	3	0.33
1	0.0	1	0	0	0	0	0	0	55	5	0.52
1	1.75	5	0	0	4	0	1	0	17	4	0.53
1	4.33	4	5	5	0	0	0	0	90	6	0.46
1	1.0	2	0	0	0	0	0	0	8	5	0.5
1	0.0	1	0	0	0	0	0	0	2	7	0.12
1	0.0	2	0	4	0	0	0	0	7	1	0.29
1	1.5	5	0	0	4	0	1	0	40	6	0.59
1	0.0	2	0	11	0	0	0	0	13	1	0.2
1	4.56	4	8	8	0	0	0	0	101	9	0.43
1	2.0	5	0	0	4	0	1	0	19	3	0.47
1	1.5	5	0	0	4	0	1	0	24	6	0.32
1	4.64	4	10	10	0	0	0	0	104	11	0.47
1	1.75	5	0	0	4	0	1	0	15	4	0.52
1	4.5	4	7	7	0	0	0	0	86	8	0.49
1	2.0	2	0	0	10	0	0	0	34	5	0.51
1	1.5	5	0	0	4	0	1	0	47	6	0.58
1	0.0	1	0	0	0	0	0	0	116	1	0.55
1	1.75	5	0	0	4	0	1	0	26	4	0.57
1	0.0	1	0	0	0	0	0	0	27	9	0.55
1	0.0	1	0	0	0	0	0	0	101	1	0.5
1	0.0	1	0	0	0	0	0	0	58	1	0.54
1	0.0	1	0	0	0	0	0	0	13	6	0.62
1	0.0	1	0	0	0	0	0	0	53	5	0.6
1	0.0	1	0	0	0	0	0	0	25	1	0.52
1	0.0	1	0	0	0	0	0	0	119	1	0.47
1	2.0	2	0	0	2	0	0	0	2	1	0.67
1	2.5	5	0	0	4	0	1	0	10	2	0.48
1	2.0	2	0	0	4	0	0	0	18	2	0.56
1	0.0	2	0	9	0	0	0	0	6	1	0.2
1	1.0	2	0	0	0	0	0	0	31	5	0.48
1	1.6	5	0	0	4	0	1	0	28	5	0.48
1	0.0	2	0	18	0	0	0	0	29	1	0.19
1	2.0	2	0	0	6	0	0	0	30	3	0.61
1	2.0	2	0	0	8	0	0	0	22	4	0.56
1	1.75	5	0	0	4	0	1	0	32	4	0.45
1	0.0	1	0	0	0	0	0	0	30	8	0.49
1	0.75	2	0	3	0	0	0	0	34	4	0.56
1	2.0	2	0	0	8	0	0	0	21	4	0.5
1	2.0	2	0	0	6	0	0	0	6	3	0.29
1	0.75	2	0	3	0	0	0	0	44	4	0.61
1	2.0	2	0	0	6	0	0	0	26	3	0.76
1	4.33	4	5	5	0	0	0	0	65	6	0.5
1	2.0	2	0	0	4	0	0	0	44	2	0.6
1	0.0	1	0	0	0	0	0	0	134	1	0.5
1	0.0	1	0	0	0	0	0	0	1	1	0.5
1	1.0	2	0	7	0	0	0	0	42	7	0.55
1	4.64	4	10	10	0	0	0	0	86	11	0.43
1	1.0	2	0	0	0	0	0	0	35	6	0.59
1	0.0	1	0	0	0	0	0	0	95	1	0.54
1	2.0	2	7	7	0	0	0	0	58	7	0.51
1	2.0	2	0	0	12	0	0	0	30	6	0.55
1	0.0	2	0	6	0	0	0	0	9	1	0.2
1	0.0	1	0	0	0	0	0	0	43	1	0.44
1	0.0	2	0	0	0	0	1	0	2	1	0.67
1	1.0	2	0	0	0	0	0	0	52	4	0.57
1	1.5	5	0	0	4	0	1	0	20	6	0.38
1	0.0	1	0	0	0	0	0	0	7	9	0.37
1	2.0	5	0	0	4	0	1	0	29	3	0.53
1	2.0	2	0	0	14	0	0	0	19	7	0.59
1	0.0	2	0	26	0	0	0	0	49	1	0.2
1	2.0	2	0	0	10	0	0	0	10	5	0.59
1	0.0	1	0	0	0	0	0	0	30	10	0.6
1	0.75	2	0	3	0	0	0	0	48	4	0.69
1	0.29	3	0	0	0	0	0	0	80	49	0.67
1	0.0	1	0	0	0	0	0	0	31	5	0.55
1	4.6	4	9	9	0	0	0	0	58	10	0.51
1	0.0	1	0	0	0	0	0	0	9	1	0.31
1	2.0	2	0	0	6	0	0	0	5	3	0.45
1	2.0	2	0	0	14	0	0	0	22	7	0.65
1	0.0	3	6	84	0	0	0	0	61	1	0.08
1	0.0	2	0	1	0	0	0	0	16	1	0.2
1	1.5	5	0	0	4	0	1	0	52	6	0.47
1	0.0	2	0	8	0	0	0	0	18	1	0.2
1	4.64	4	10	10	0	0	0	0	96	11	0.51
1	4.33	4	5	5	0	0	0	0	58	6	0.45
1	0.0	1	0	0	0	0	0	0	50	1	0.67
1	0.0	1	0	0	0	0	0	0	14	1	0.4
1	1.5	5	0	0	4	0	1	0	101	6	0.55
1	0.0	2	1	2	0	0	0	0	2	1	0.12
1	1.38	5	0	0	4	0	1	0	39	8	0.46
1	0.29	3	1	0	0	0	1	0	21	7	0.31
1	1.5	5	0	0	4	0	1	0	39	6	0.51
1	0.75	2	0	3	0	0	0	0	50	4	0.65
1	1.6	5	0	0	4	0	1	0	17	5	0.53
1	0.0	2	0	16	0	0	0	0	28	1	0.16
1	2.0	5	0	0	4	0	1	0	23	3	0.51
1	0.0	2	0	5	0	0	0	0	16	1	0.29
1	0.0	1	0	0	0	0	0	0	5	4	0.38
1	0.0	1	0	0	0	0	0	0	25	5	0.48
1	2.0	2	0	0	4	0	0	0	6	2	0.67
1	1.0	2	0	10	0	0	0	0	28	10	0.45
1	0.0	2	0	8	0	0	0	0	10	1	0.25
1	1.5	5	0	0	4	0	1	0	81	6	0.6
1	0.0	2	0	7	0	0	0	0	11	1	0.33
1	0.0	1	0	0	0	0	0	0	31	1	0.4
1	2.5	5	0	0	4	0	1	0	25	2	0.5
1	0.0	1	0	0	0	0	0	0	65	5	0.5
1	0.0	1	0	0	0	0	0	0	19	9	0.59
1	0.5	2	0	2	0	0	0	0	24	4	0.67
1	2.0	2	0	0	8	0	0	0	24	4	0.49
1	0.0	1	0	0	0	0	0	0	46	1	0.46
1	0.0	2	0	7	0	0	0	0	8	1	0.29
1	0.0	2	0	1	0	0	0	0	4	1	0.12
1	2.0	2	0	0	10	0	0	0	6	5	0.27
1	0.0	1	0	0	0	0	0	0	133	1	0.59
1	2.0	2	0	0	4	0	0	0	15	2	0.71
1	0.0	1	0	0	0	0	0	0	62	1	0.52
1	0.0	1	0	0	0	0	0	0	90	1	0.54
1	2.0	2	0	0	10	0	0	0	14	5	0.78
1	2.0	2	0	0	6	0	0	0	12	3	0.63
1	0.0	1	0	0	0	0	0	0	8	9	0.44
1	4.5	4	7	7	0	0	0	0	116	8	0.43
1	2.0	5	0	0	4	0	1	0	10	3	0.48
1	0.0	1	0	0	0	0	0	0	4	13	0.17
1	1.5	5	0	0	4	0	1	0	54	6	0.56
1	0.0	1	0	0	0	0	0	0	29	10	0.44
1	2.0	2	0	0	14	0	0	0	29	7	0.58
1	1.5	5	0	0	4	0	1	0	53	6	0.55
1	1.38	5	0	0	4	0	1	0	27	8	0.46
1	0.0	1	0	0	0	0	0	0	52	5	0.57
1	0.0	1	0	0	0	0	0	0	32	6	0.52
1	0.0	2	0	11	0	0	0	0	7	1	0.13
1	4.43	4	6	6	0	0	0	0	53	7	0.46
1	1.6	5	0	0	4	0	1	0	38	5	0.5
1	2.0	2	0	0	24	0	0	0	30	12	0.68
1	1.5	5	0	0	4	0	1	0	48	6	0.58
1	2.0	2	0	0	6	0	0	0	27	3	0.71
1	0.0	1	0	0	0	0	0	0	2	9	0.11
1	0.75	2	0	3	0	0	0	0	31	4	0.69
1	2.0	2	0	0	10	0	0	0	26	5	0.53
0	19.2	7	0	0	29	5	14	0	35	5	0.35
0	31.96	11	0	0	627	48	178	9	315	48	0.4
0	28.67	11	0	0	70	6	12	0	21	6	0.46
0	35.67	11	0	0	40	3	6	0	21	3	0.55
0	19.2	7	0	0	59	10	29	0	39	10	0.33
0	26.5	11	0	0	22	2	6	0	39	2	0.49
0	5.89	7	0	0	0	7	0	0	1	9	0.5
0	8.33	8	0	0	7	1	2	0	9	3	0.5
0	16.4	7	0	0	27	5	12	0	36	5	0.33
0	1.5	3	0	0	0	0	1	0	23	2	0.46
0	14.17	6	0	0	29	6	22	0	32	6	0.46
0	0.0	5	0	0	5	1	4	0	4	0	0.29
0	18.0	7	0	0	18	3	9	0	26	3	0.35
0	5.0	4	0	0	3	0	3	0	5	3	1.0
0	8.0	8	0	0	6	0	0	0	5	5	0.42
0	19.67	6	0	0	12	3	3	6	26	3	0.55
0	18.6	7	0	0	57	10	27	0	52	10	0.32
0	15.5	6	0	0	29	6	24	0	32	6	0.46
0	15.5	6	0	0	9	2	8	0	18	2	0.43
0	0.0	1	0	0	0	0	0	0	60	10	0.53
0	14.71	7	0	0	40	7	19	0	43	7	0.46
0	18.29	7	0	0	41	7	20	0	43	7	0.36
0	4.33	6	0	0	159	64	100	0	80	277	0.38
0	20.5	11	2	0	12	0	3	0	27	2	0.52
0	18.0	7	0	0	30	6	24	0	27	6	0.44
0	2.33	3	0	0	0	0	2	0	10	3	0.77
0	14.5	7	0	0	12	2	4	0	18	2	0.82
0	23.57	11	0	0	77	7	14	0	31	7	0.54
0	27.62	10	0	0	84	8	16	0	30	8	0.45
0	18.5	7	0	0	23	4	11	0	30	4	0.38
0	13.67	7	0	0	17	3	6	0	24	3	0.75
0	20.0	7	0	0	30	5	15	0	39	5	0.33
0	21.0	6	0	0	7	1	4	0	7	1	0.28
0	13.6	7	0	0	56	10	20	0	39	10	0.6
0	0.0	2	0	0	0	0	0	0	5	1	0.56
0	17.14	7	0	0	38	7	17	0	40	7	0.33
0	17.8	5	0	0	15	0	5	14	54	5	0.43
0	17.43	7	0	0	38	7	17	0	49	7	0.38
0	14.0	5	0	0	15	0	5	10	48	5	0.39
0	19.0	11	2	0	17	0	4	0	21	3	0.54
0	13.17	6	0	0	26	6	22	0	47	6	0.52
0	0.0	1	0	0	0	0	0	0	17	7	0.4
0	15.0	6	0	0	28	6	24	0	53	6	0.54
0	12.33	11	0	0	12	0	2	0	7	3	0.3
0	16.5	6	0	0	30	6	24	0	44	6	0.54
0	26.58	8	0	0	562	48	141	0	316	48	0.42
0	12.4	11	0	0	20	0	4	0	6	5	0.29
0	7.0	9	2	0	10	5	5	0	2	6	0.17
0	20.83	14	0	0	26	3	7	15	140	6	0.44
0	13.62	7	23	2	24	0	4	20	13	8	0.1
0	10.67	10	0	0	12	0	2	0	6	3	0.5
0	30.0	8	0	0	272	17	34	0	63	17	0.6
0	14.0	6	0	0	28	6	21	0	33	6	0.52
0	13.0	5	0	0	6	0	2	4	22	2	0.28
0	30.0	8	0	0	128	8	16	0	34	8	0.63
0	0.0	1	0	0	0	0	0	0	35	10	0.51
0	15.0	6	0	0	26	6	24	0	35	6	0.46
0	4.57	5	0	0	0	0	7	0	6	7	0.75
0	14.67	6	0	0	29	6	22	0	42	6	0.49
0	25.0	11	0	0	78	8	16	0	30	10	0.54
0	2.0	2	2	2	0	0	0	0	47	2	0.47
0	0.75	2	0	0	0	0	3	0	12	4	0.71
0	2.0	3	0	0	0	0	4	0	2	4	0.5
0	1.55	3	0	0	0	0	6	0	7	11	0.78
0	28.83	10	0	0	70	6	12	0	30	6	0.5
0	19.3	7	0	0	59	10	30	0	54	10	0.33
0	15.93	11	0	0	81	8	16	0	29	15	0.45
0	2.67	3	0	0	8	0	0	0	7	9	0.7
0	4.32	6	1	0	155	59	100	0	123	266	0.52
0	2.0	3	0	0	0	0	1	0	9	2	0.69
0	19.2	7	0	0	58	10	28	0	59	10	0.36
0	0.0	1	0	0	0	0	0	0	30	12	0.49
0	19.14	7	0	0	41	7	20	0	51	7	0.37
0	18.0	7	0	0	17	3	8	0	34	3	0.4
0	12.33	6	0	0	28	6	20	0	25	6	0.47
0	24.0	6	0	0	10	1	1	4	9	1	0.69
0	18.43	7	0	0	41	7	20	0	44	7	0.4
0	19.5	6	0	0	8	2	2	4	20	2	0.67
0	1.0	2	0	0	0	0	7	0	9	7	0.6
0	19.33	7	0	0	18	3	9	0	35	3	0.38
0	13.0	5	0	0	15	0	5	10	65	5	0.36
0	0.0	1	0	0	0	0	0	0	12	5	0.29
0	30.0	8	0	0	256	16	32	0	57	16	0.54
0	8.43	5	0	0	36	7	7	0	38	7	0.53
0	3.0	3	0	0	0	0	0	0	10	4	0.67
0	19.33	6	0	0	12	3	3	6	33	3	0.69
0	29.94	8	0	0	272	17	34	0	50	17	0.42
0	15.0	6	0	0	30	6	24	0	32	6	0.46
0	3.0	4	0	0	0	5	0	0	0	5	0.0
0	1.1	3	0	0	0	0	10	0	11	10	0.52
0	20.0	9	0	0	13	2	10	0	21	2	0.4
0	17.0	7	0	0	30	6	24	0	41	6	0.48
0	1.0	2	0	0	0	0	4	0	4	4	0.67
0	19.67	6	0	0	12	3	3	6	23	3	0.55
0	18.43	7	0	0	39	14	18	0	31	7	0.23
0	8.43	5	0	0	36	7	7	0	28	7	0.42
0	14.5	6	0	0	29	6	24	0	26	6	0.43
0	13.83	7	0	0	28	6	20	0	38	6	0.48
0	14.0	6	0	0	9	2	8	0	17	2	0.53
0	0.0	1	0	0	0	0	0	0	52	6	0.55
0	8.0	5	0	0	35	7	7	0	32	7	0.56
0	14.67	6	0	0	29	6	22	0	31	6	0.5
0	1.0	2	0	0	0	0	4	0	2	4	0.17
0	19.6	7	0	0	60	10	30	0	66	10	0.4
0	0.0	1	0	0	0	0	0	0	61	15	0.6
0	2.0	3	0	0	0	0	0	0	37	6	0.48
0	11.17	6	0	0	23	6	16	0	24	6	0.41
0	18.8	7	0	0	58	10	28	0	47	10	0.31
0	17.0	7	0	0	55	10	25	0	64	10	0.39
0	2.0	3	0	0	0	0	5	0	6	5	0.5
0	16.5	6	0	0	29	6	24	0	39	6	0.45
0	37.0	11	0	0	70	6	12	0	26	6	0.47
0	1.0	2	0	0	0	0	10	0	1	10	0.1
0	15.5	6	0	0	30	6	24	0	28	6	0.42
0	19.5	6	0	0	8	2	2	4	23	2	0.74
0	29.65	11	0	0	593	48	162	4	347	48	0.42
0	16.0	6	0	0	36	4	4	0	25	4	0.45
0	2.0	2	9	9	0	0	0	0	93	9	0.48
0	1.0	2	0	0	0	0	0	0	40	5	0.54
0	12.0	7	0	0	5	1	1	1	12	1	0.36
0	12.1	7	0	0	50	10	10	10	45	10	0.41
0	0.0	1	0	0	0	0	0	0	30	5	0.59
0	16.5	6	0	0	30	6	24	0	37	6	0.39
0	18.0	7	0	0	40	7	19	0	44	7	0.33
0	0.9	3	0	0	0	0	0	0	3	10	0.15
0	20.5	9	0	0	28	4	20	0	33	4	0.47
0	2.0	2	5	5	0	0	0	0	58	5	0.45
0	5.0	4	0	0	7	0	7	0	1	7	0.12
0	20.0	7	0	0	30	5	15	0	40	5	0.38
0	0.0	1	0	0	0	0	0	0	12	9	0.36
0	6.0	9	2	0	10	10	9	0	2	11	0.17
0	20.5	7	0	0	59	10	32	0	63	10	0.4
0	8.0	8	0	0	3	0	0	0	2	2	0.5
0	15.2	6	0	0	25	5	20	0	32	5	0.44
0	19.0	5	0	0	3	0	1	3	16	1	0.37
0	24.67	10	0	0	85	8	16	0	32	9	0.44
0	18.33	7	0	0	32	6	26	0	42	6	0.43
0	18.0	7	0	0	17	3	8	0	20	3	0.25
0	20.0	7	0	0	18	3	9	0	25	3	0.3
0	19.8	7	0	0	60	10	30	0	55	10	0.35
0	16.0	6	0	0	29	6	24	0	29	6	0.4
0	18.4	7	0	0	29	5	14	0	41	5	0.38
0	19.5	9	0	0	14	2	10	0	16	2	0.39
0	18.6	7	0	0	58	10	28	0	66	10	0.42
0	19.6	7	0	0	60	10	30	0	52	10	0.34
0	15.71	7	0	0	38	7	17	0	42	7	0.38
0	22.2	10	0	0	85	8	16	0	32	10	0.46
0	5.33	3	0	0	5	0	3	0	9	3	0.64
0	29.75	10	0	0	97	8	16	0	27	8	0.4
0	19.67	6	0	0	12	3	3	6	16	3	0.59
0	5.0	4	0	0	4	0	4	0	5	4	0.83
0	2.0	2	0	0	1	0	1	0	3	2	0.38
0	1.0	2	0	0	0	0	1	0	12	1	0.57
0	19.0	7	0	0	60	10	30	0	60	10	0.36
0	32.0	10	0	0	26	2	4	0	14	2	0.54
0	17.0	6	0	0	5	1	4	0	7	1	0.35
0	1.0	2	0	0	0	0	1	0	1	2	0.14
0	18.0	7	0	0	21	4	17	0	29	4	0.48
0	0.71	2	0	0	0	0	5	0	12	7	0.8
0	4.0	3	0	0	0	12	0	0	12	12	0.48
0	0.0	1	0	0	0	0	0	0	9	2	0.53
0	12.5	11	0	0	8	0	0	0	7	2	0.29
0	20.86	7	0	0	41	14	20	0	25	7	0.24
0	10.0	6	0	0	24	6	12	0	12	6	0.6
0	2.25	3	0	0	3	0	0	0	5	4	0.71
0	7.0	4	3	0	2	0	0	2	4	1	0.19
0	10.12	10	0	0	95	8	16	0	17	17	0.52
0	14.6	5	0	0	15	0	6	11	119	5	0.37
0	0.0	1	0	0	0	0	0	0	41	10	0.53
0	19.0	5	0	0	15	0	5	15	68	5	0.42
0	20.71	7	0	0	41	7	23	0	48	7	0.35
0	13.8	5	0	0	15	0	7	10	97	5	0.36
0	22.0	7	2	0	5	1	4	4	14	1	0.38
0	1.5	4	0	0	1	0	0	0	3	4	0.27
0	12.0	6	0	0	0	2	3	0	10	2	0.45
0	2.0	3	0	0	0	0	11	11	4	11	0.24
0	18.4	7	0	0	59	10	29	0	49	10	0.32
0	15.5	6	0	0	27	6	24	0	28	6	0.44
0	1.0	2	0	0	0	0	6	0	7	6	0.54
0	14.0	6	0	0	10	2	8	0	20	2	0.5
0	1.0	2	0	0	0	0	1	0	0	1	0.0
0	10.0	5	0	0	48	8	8	0	32	8	0.53
0	0.0	1	0	0	0	0	0	0	9	1	0.5
0	2.0	3	0	0	0	0	12	12	13	12	0.68
0	8.0	7	0	0	36	6	6	0	7	6	0.47
0	12.5	6	0	0	28	6	21	0	34	6	0.49
0	15.0	13	0	1	15	3	0	0	8	3	0.33
0	0.0	1	0	0	0	0	0	0	42	8	0.51
0	1.0	2	0	0	0	0	0	0	16	5	0.53
0	18.6	7	0	0	58	10	28	0	54	10	0.34
0	16.67	7	0	0	31	6	25	0	34	6	0.39
0	19.71	7	0	0	42	7	21	0	54	7	0.37
0	12.25	11	0	0	16	0	0	0	17	4	0.49
0	22.0	9	0	0	28	4	20	0	27	4	0.49
0	6.43	7	0	0	0	5	0	0	1	7	0.33
0	17.0	6	0	0	25	5	20	0	33	5	0.34
0	13.0	5	0	0	3	0	1	2	31	1	0.34
0	16.0	6	0	0	30	6	24	0	23	6	0.27
0	3.0	4	0	0	0	0	26	0	15	27	0.36
0	24.0	8	0	0	526	48	112	0	246	48	0.38
0	21.89	6	0	0	91	9	9	30	28	9	0.42
0	12.33	7	0	0	15	3	3	3	21	3	0.4
0	20.75	9	0	0	28	4	20	0	21	4	0.29
0	14.83	6	0	0	28	6	20	0	40	6	0.47
0	14.6	6	0	0	23	5	20	0	40	5	0.55
0	14.0	7	0	0	11	2	4	0	12	2	0.67
0	24.0	7	0	0	6	1	5	0	10	1	0.36
0	16.5	6	0	0	30	6	24	0	23	6	0.42
0	10.0	6	0	0	24	6	12	0	7	6	0.58
0	0.0	1	0	0	0	0	0	0	3	6	0.19
0	19.4	5	0	0	15	0	6	15	99	5	0.47
0	1.0	2	0	0	0	0	0	0	29	7	0.57
0	0.0	1	0	0	0	0	0	0	19	4	0.4
0	2.0	2	0	0	0	0	0	0	1	2	0.25
0	17.0	6	0	0	15	3	12	0	17	3	0.36
0	16.86	7	0	0	39	7	18	0	38	7	0.3
0	4.0	4	0	0	5	5	5	5	10	5	1.0
0	17.5	7	0	0	22	4	10	0	20	4	0.26
0	16.0	6	0	0	14	3	12	0	16	3	0.42
0	0.86	3	0	0	0	0	0	0	3	7	0.17
0	17.0	7	0	0	30	6	24	0	30	6	0.47
0	14.5	6	0	0	30	6	24	0	24	6	0.39
0	17.0	7	0	0	22	4	10	0	26	4	0.39
0	19.0	10	0	0	60	6	12	0	16	6	0.39
0	4.89	6	0	0	11	0	103	0	80	103	0.67
0	17.33	6	0	0	17	3	13	0	19	3	0.37
0	0.36	3	0	0	0	1	1	0	5	11	0.62
0	25.6	11	0	0	83	8	16	0	34	10	0.57
0	2.0	3	0	0	0	0	11	0	7	11	0.33
0	0.0	1	0	0	0	0	0	0	41	8	0.6
0	21.0	7	0	0	42	14	21	0	40	7	0.35
0	17.2	7	0	0	56	10	26	0	51	10	0.34
0	0.0	1	0	0	0	0	0	0	19	7	0.59
0	17.0	6	0	0	15	3	12	0	21	3	0.44
0	15.5	6	0	0	28	6	24	0	20	6	0.31
0	13.4	5	0	0	15	0	6	10	109	5	0.45
0	0.0	2	0	1	0	0	0	0	14	1	0.58
0	17.0	6	0	0	30	6	24	0	38	6	0.32
0	1.0	2	0	0	0	0	13	0	4	13	0.29
0	23.1	11	0	0	81	8	16	0	42	10	0.57
0	19.5	6	0	0	8	2	2	4	26	2	0.79
0	17.67	7	0	0	31	6	25	0	42	6	0.52
0	15.5	6	0	0	29	6	24	0	31	6	0.41
0	13.0	6	0	0	27	6	18	0	39	6	0.4
0	16.0	6	0	0	36	4	4	0	27	4	0.47
0	2.0	3	0	0	0	0	1	0	6	2	0.75
0	15.5	6	0	0	28	6	24	0	40	6	0.51
0	16.0	7	0	0	16	3	7	0	37	3	0.42
0	8.0	4	3	1	2	0	0	2	4	1	0.15
0	9.0	6	0	0	3	1	2	0	11	1	0.5
0	15.0	6	0	0	17	2	2	0	16	2	0.53
0	17.0	7	16	0	32	8	32	16	32	8	0.43
0	34.2	11	0	0	66	5	10	0	28	5	0.51
0	0.67	2	0	0	0	0	0	0	8	3	0.73
0	16.0	6	0	0	28	6	24	0	17	6	0.25
0	19.4	5	0	0	15	0	6	15	142	5	0.45
0	17.0	5	0	0	15	0	6	13	101	5	0.4
0	3.0	3	1	0	1	0	1	0	2	1	0.67
0	8.0	8	0	0	11	0	0	0	6	10	0.32
0	12.17	5	0	0	84	12	36	0	62	12	0.54
0	8.0	5	0	0	35	7	7	0	18	7	0.5
0	20.5	7	0	0	59	10	32	0	62	10	0.37
0	12.5	6	0	0	27	6	18	0	35	6	0.5
0	1.2	3	66	6	0	0	0	0	138	66	0.41
0	21.0	9	0	0	21	3	15	0	20	3	0.48
0	17.86	7	0	0	39	7	19	0	52	7	0.38
0	5.0	3	0	0	20	0	0	0	2	5	0.25
0	14.67	6	0	0	29	6	22	0	24	6	0.44
0	0.0	1	0	0	0	0	0	0	33	9	0.4
0	15.5	8	10	3	14	1	2	10	13	4	0.2
0	0.17	2	0	0	0	0	0	1	14	6	0.5
0	0.0	2	0	0	0	0	0	0	11	1	0.37
0	16.0	6	0	0	30	6	24	0	43	6	0.51
0	30.0	8	0	0	288	18	36	0	54	18	0.52
0	15.67	6	0	0	29	6	22	0	43	6	0.45
0	2.0	3	0	0	0	0	11	0	12	11	0.6
0	22.0	5	2	13	4	1	0	2	6	1	0.1
0	17.0	6	0	0	5	1	4	0	11	1	0.37
0	1.0	2	3	0	0	0	0	0	37	3	0.57
0	30.0	8	0	0	240	15	30	0	42	15	0.51
0	24.7	8	50	96	78	9	10	50	32	20	0.11
0	19.5	6	0	0	8	2	2	4	25	2	0.71
0	0.5	2	0	0	0	0	0	0	9	2	0.69
0	23.73	11	0	0	87	8	16	0	41	11	0.56
0	31.27	11	0	0	638	48	200	3	342	48	0.39
0	1.0	2	0	0	0	0	4	0	8	4	0.8
0	16.0	5	0	0	3	0	1	3	8	1	0.44
0	10.75	10	0	0	16	0	3	0	4	4	0.57
0	18.6	7	0	0	58	10	28	0	55	10	0.34
0	13.0	5	0	0	6	0	2	4	24	2	0.38
0	2.0	3	0	0	0	14	14	0	0	14	0.0
0	12.33	7	0	0	45	9	9	9	40	9	0.44
0	14.17	6	0	0	29	6	22	0	23	6	0.41
0	13.33	6	0	0	27	6	23	0	42	6	0.49
0	3.0	3	0	0	5	0	5	0	8	5	0.67
0	10.0	5	0	0	30	5	5	0	29	5	0.47
0	19.0	7	0	0	59	10	29	0	40	10	0.32
0	7.0	4	6	0	4	0	0	4	1	2	0.03
0	4.68	6	3	0	172	69	100	0	118	275	0.39
0	11.0	5	2	2	4	1	0	2	2	1	0.07
0	11.0	5	0	0	23	4	4	0	29	4	0.66
0	13.33	6	0	0	28	6	20	0	48	6	0.51
0	14.0	7	0	0	12	2	4	0	18	2	0.69
0	2.0	4	0	0	1	0	0	0	5	4	0.45
0	18.67	7	0	0	17	3	8	0	25	3	0.31
0	19.0	5	0	0	15	0	5	15	74	5	0.46
0	13.92	4	0	0	42	13	39	0	37	13	0.39
0	20.0	7	0	0	60	10	30	0	54	10	0.36
0	16.0	7	0	0	16	2	8	0	15	2	0.54
0	21.0	7	0	0	42	14	21	0	56	7	0.44
0	34.75	11	0	0	90	8	16	0	29	8	0.4
0	13.4	5	0	0	15	0	6	10	164	5	0.34
0	1.0	2	0	0	0	0	5	0	13	6	0.65
0	19.0	11	2	0	17	0	4	0	40	3	0.53
0	9.29	5	0	0	38	7	7	0	46	7	0.59
0	32.0	10	0	0	65	5	10	0	25	5	0.48
0	19.4	5	0	0	17	0	5	15	96	5	0.4
0	16.33	7	0	0	14	3	13	0	19	3	0.42
0	19.4	5	0	0	15	0	6	15	97	5	0.34
0	16.67	7	0	0	29	6	23	0	32	6	0.57
0	4.32	6	1	0	155	59	100	0	108	260	0.48
0	0.0	1	0	0	0	0	0	0	14	7	0.26
0	15.5	6	0	0	10	2	8	0	12	2	0.41
0	17.17	7	0	0	30	6	25	0	31	6	0.52
0	14.2	5	0	0	15	0	5	11	84	5	0.42
0	3.0	5	0	0	0	0	68	0	29	74	0.31
0	0.0	1	0	0	0	0	0	0	30	7	0.46
0	18.57	7	0	0	41	7	20	0	44	7	0.34
0	20.2	7	0	0	29	10	14	0	35	5	0.39
0	14.5	6	0	0	30	6	24	0	33	6	0.54
0	19.0	5	0	0	15	0	5	15	47	5	0.35
0	16.0	7	0	0	38	7	17	0	35	7	0.32
0	17.6	7	0	0	56	10	26	0	47	10	0.32
0	16.0	6	0	0	24	5	18	0	38	5	0.49
0	14.33	6	0	0	29	6	23	0	34	6	0.4
0	12.25	7	0	0	20	4	4	4	28	4	0.5
0	11.0	6	0	0	10	2	8	0	3	2	0.17
0	18.4	7	0	0	57	10	27	0	59	10	0.36
0	14.5	6	0	0	28	6	24	0	41	6	0.45
0	2.0	3	6	0	0	0	0	0	4	6	0.5
0	16.0	6	0	0	30	6	24	0	10	6	0.19
0	19.92	11	0	0	81	8	16	0	36	12	0.53
0	14.1	7	29	1	26	0	3	23	18	10	0.11
0	7.0	4	3	0	2	0	0	2	12	1	0.24
0	5.69	9	2	0	10	15	14	0	2	16	0.17
0	0.31	3	0	0	0	1	1	0	5	13	0.62
0	14.5	6	0	0	29	6	24	0	25	6	0.41
0	3.0	3	0	0	0	0	0	0	6	5	0.55
0	2.0	3	0	0	0	1	1	0	5	2	0.62
0	19.67	7	0	0	17	6	8	0	23	3	0.39
0	16.29	7	0	0	38	7	17	0	39	7	0.32
0	1.0	2	0	0	0	0	7	0	6	7	0.86
0	8.86	5	0	0	37	7	7	0	41	7	0.49
0	18.0	7	0	0	42	7	21	0	41	7	0.41
0	19.75	14	0	0	28	9	12	15	150	8	0.35
0	12.33	7	0	0	15	3	3	3	24	3	0.4
0	24.86	7	0	0	97	7	28	0	41	7	0.49
0	14.5	6	0	0	27	6	24	0	28	6	0.41
0	15.5	6	0	0	29	6	22	0	40	6	0.5
0	14.17	6	0	0	28	6	22	0	28	6	0.41
0	14.33	6	0	0	28	6	20	0	36	6	0.51
0	13.0	7	0	0	10	2	4	0	14	2	0.67
0	13.5	7	6	0	6	0	1	5	7	2	0.18
0	18.0	7	0	0	39	7	18	0	52	7	0.36
0	0.0	1	0	0	0	0	0	0	26	5	0.59
0	22.25	10	0	0	28	4	20	0	27	4	0.43
0	16.0	6	0	0	18	2	2	0	13	2	0.42
0	17.2	6	0	0	27	5	21	0	24	5	0.36
0	18.4	5	0	0	15	0	7	13	118	5	0.43
0	20.0	9	0	0	13	2	10	0	20	2	0.43
0	20.33	9	0	0	21	3	15	0	25	3	0.47
0	18.62	14	0	0	28	9	9	15	106	8	0.44
0	13.5	7	12	0	12	0	2	10	7	4	0.09
0	7.0	4	3	0	2	0	0	2	8	1	0.15
0	26.0	5	2	17	4	1	0	2	12	1	0.12
0	13.5	5	0	0	12	0	5	8	77	4	0.37
0	14.5	6	0	0	30	6	24	0	26	6	0.38
0	4.18	6	3	0	157	57	100	0	96	260	0.51
0	16.17	6	0	0	29	6	22	0	31	6	0.5
0	0.0	1	0	0	0	0	0	0	19	3	0.61
0	4.33	4	1	0	3	0	3	3	4	3	0.17
0	1.0	2	0	0	0	0	7	0	4	7	0.33
0	19.0	7	0	0	22	8	10	0	31	4	0.37
0	17.67	6	0	0	32	6	24	0	37	6	0.46
0	15.67	7	0	6	12	3	9	0	7	3	0.26
0	17.0	7	0	0	55	10	25	0	40	10	0.31
0	14.83	6	0	0	28	6	20	0	27	6	0.47
0	13.83	6	0	0	27	6	20	0	29	6	0.4
0	2.0	2	5	5	0	0	0	0	90	5	0.46
0	13.5	7	12	0	12	0	2	10	6	4	0.08
0	0.0	1	0	0	0	0	0	0	17	2	0.65
0	22.92	6	0	0	120	12	12	44	24	12	0.47
0	12.17	5	0	0	84	12	36	0	51	12	0.52
0	0.0	1	0	0	0	0	0	0	22	7	0.51
0	0.0	1	0	0	0	0	0	0	1	1	0.25
0	18.6	7	0	0	58	10	28	0	61	10	0.38
0	5.33	4	12	6	6	0	8	0	15	6	0.21
0	18.8	7	0	0	58	10	28	0	67	10	0.39
0	0.0	1	0	0	0	0	0	0	38	8	0.49
0	21.0	7	0	0	42	14	21	0	53	7	0.39
0	18.86	7	0	0	41	7	20	0	38	7	0.3
0	13.33	6	0	0	28	6	20	0	30	6	0.47
0	17.0	6	0	0	25	5	20	0	35	5	0.45
0	8.43	5	0	0	36	7	7	0	26	7	0.44
0	9.86	9	0	0	101	0	57	0	91	76	0.72
0	16.0	6	0	0	30	6	24	0	19	6	0.36
0	15.5	6	0	0	28	6	24	0	42	6	0.46
0	31.67	10	0	0	38	3	6	0	18	3	0.49
0	19.75	9	0	0	27	4	20	0	26	4	0.43
0	0.0	1	0	0	0	0	0	0	40	9	0.49
0	1.0	2	0	0	0	0	4	0	6	4	0.75
0	16.0	7	0	6	12	3	9	0	9	3	0.38
0	18.67	7	0	0	17	3	8	0	29	3	0.34
0	11.0	5	2	2	4	1	0	2	5	1	0.18
0	16.0	6	0	0	27	3	3	0	17	3	0.41
0	0.0	1	0	0	0	0	0	0	20	5	0.57
0	20.0	7	0	0	18	3	9	0	29	3	0.34
0	1.0	2	0	0	0	0	6	0	0	6	0.0
0	13.0	5	0	0	15	0	5	10	67	5	0.36
0	12.42	5	0	0	84	12	36	0	59	12	0.51
0	14.0	6	0	0	5	1	4	0	11	1	0.5
0	3.0	2	0	0	0	0	2	0	2	1	0.4
0	19.71	7	0	0	42	7	21	0	48	7	0.37
0	30.0	8	0	0	304	19	38	0	68	19	0.5
0	19.4	5	0	0	17	0	5	15	105	5	0.39
0	21.5	7	0	0	24	8	12	0	27	4	0.33
0	24.5	13	1	0	12	0	2	0	36	2	0.56
0	9.71	5	0	0	39	7	7	0	40	7	0.53
0	16.4	7	0	0	54	10	24	0	56	10	0.36
0	19.4	7	0	0	60	10	30	0	54	10	0.36
0	0.0	1	0	0	0	0	0	0	64	30	0.53
0	1.0	2	0	0	0	0	0	0	18	3	0.56
0	19.92	11	0	0	86	8	16	0	41	13	0.56
0	21.29	7	0	0	42	7	24	0	49	7	0.35
0	16.33	7	0	0	30	6	23	0	37	6	0.55
0	19.6	7	0	0	59	10	29	0	57	10	0.37
0	14.0	6	0	0	27	6	24	0	25	6	0.43
0	15.67	7	0	0	29	6	25	0	26	6	0.44
0	18.17	14	0	0	44	21	13	15	113	12	0.43
0	40.6	11	0	0	67	10	10	0	30	5	0.49
0	2.0	3	0	0	0	0	4	0	5	4	0.56
0	1.0	2	9	0	0	0	0	0	110	9	0.43
0	15.5	6	0	0	29	6	24	0	21	6	0.4
0	16.6	5	0	0	15	0	5	13	71	5	0.46
0	17.17	7	0	0	31	6	25	0	30	6	0.46
0	18.86	7	0	0	41	7	20	0	41	7	0.33
0	5.0	4	0	0	4	0	4	0	7	4	1.0
0	15.33	6	0	0	30	6	24	0	34	6	0.49
0	27.8	11	0	0	97	8	16	0	39	10	0.51
0	8.0	7	0	0	30	5	5	0	5	5	0.83
0	14.5	6	0	0	25	6	24	0	32	6	0.44
0	14.67	6	0	0	28	6	22	0	36	6	0.44
0	32.35	11	0	0	649	48	205	6	301	48	0.41
0	19.75	7	0	0	78	8	32	0	40	8	0.49
0	20.0	7	0	0	70	7	28	0	34	7	0.47
0	13.0	5	0	0	15	0	5	10	70	5	0.4
0	3.0	3	0	0	9	0	9	0	11	9	0.69
0	12.0	7	0	0	15	3	3	3	20	3	0.32
0	19.6	7	0	0	30	5	15	0	27	5	0.3
0	13.5	6	0	0	27	6	18	0	27	6	0.4
0	17.0	6	0	0	30	6	24	0	39	6	0.49
0	18.0	5	2	9	4	1	0	2	7	1	0.13
0	32.0	11	0	0	625	48	175	9	326	48	0.41
0	14.5	6	0	0	30	6	24	0	38	6	0.51
0	21.33	14	0	0	28	3	6	15	86	6	0.43
0	17.2	7	0	0	55	10	25	0	49	10	0.33
0	19.4	5	0	0	17	0	5	15	72	5	0.4
0	20.5	11	2	0	12	0	3	0	25	2	0.52
0	0.8	2	0	0	0	0	4	0	8	5	0.67
0	0.0	2	0	0	0	0	0	0	7	1	0.64
0	5.8	5	0	0	10	0	0	0	16	5	0.47
0	0.0	1	0	0	0	0	0	0	32	7	0.54
0	2.0	3	0	0	0	0	3	0	4	3	0.5
0	15.0	5	0	0	15	0	7	11	105	5	0.36
0	5.0	4	0	0	3	0	3	0	3	3	0.5
0	16.0	6	0	0	29	6	24	0	16	6	0.35
0	3.5	3	0	0	1	0	2	0	3	2	0.27
0	13.0	5	0	0	15	0	5	10	45	5	0.35
0	25.0	13	1	0	12	0	3	0	30	2	0.56
0	9.46	9	0	0	87	0	41	0	70	61	0.71
0	19.14	7	0	0	42	7	21	0	45	7	0.34
0	16.33	6	0	0	30	6	24	0	38	6	0.43
0	4.67	7	0	10	4	3	1	1	34	6	0.51
0	2.0	3	0	0	0	0	0	0	40	5	0.54
0	6.0	3	0	0	0	0	4	0	6	1	0.67
0	1.0	2	0	0	0	0	10	0	0	11	0.0
0	1.0	2	0	0	0	0	1	0	8	2	0.67
0	30.0	8	0	0	240	15	30	0	57	15	0.47
0	3.0	3	0	0	0	0	2	0	4	2	0.57
0	18.0	7	0	0	56	10	26	0	58	10	0.37
0	10.0	5	2	1	4	1	0	2	2	1	0.06
0	10.66	13	0	0	3	0	241	0	124	241	0.62
0	11.8	10	0	0	20	5	4	0	0	5	0.0
0	17.0	6	0	0	10	2	8	0	11	2	0.33
0	28.29	10	0	0	71	7	14	0	31	7	0.47
0	20.0	11	1	0	12	0	2	0	20	2	0.49
0	1.0	2	0	0	0	0	0	0	9	3	0.53
0	3.04	4	0	0	0	0	24	0	29	25	0.6
0	15.0	6	0	0	29	6	24	0	51	6	0.55
0	13.17	6	0	0	29	6	22	0	27	6	0.52
0	18.6	6	0	0	31	5	22	0	20	5	0.34
0	20.0	9	0	0	21	3	15	0	16	3	0.35
0	19.4	5	0	0	17	0	5	15	86	5	0.4
0	18.86	7	0	0	39	7	20	0	44	7	0.37
0	0.0	1	0	0	0	0	0	0	40	5	0.62
0	12.0	7	0	0	15	3	3	3	22	3	0.43
0	20.0	7	0	0	30	5	15	0	43	5	0.39
0	19.0	7	0	0	59	10	29	0	67	10	0.37
0	20.0	7	0	0	30	5	15	0	46	5	0.38
0	2.0	2	5	5	0	0	0	0	102	5	0.4
0	0.0	1	0	0	0	0	0	0	10	2	0.59
0	3.5	3	0	0	1	0	2	0	1	2	0.1
0	31.83	11	0	0	67	6	12	0	29	6	0.47
0	17.71	7	0	0	40	7	19	0	45	7	0.34
0	1.0	2	0	0	0	0	0	0	24	6	0.55
0	1.0	2	0	0	0	0	0	0	4	4	0.5
0	18.5	10	0	0	13	2	9	0	20	2	0.47
0	2.0	2	12	12	0	0	0	0	109	12	0.49
0	17.6	7	0	0	56	10	26	0	53	10	0.34
0	26.83	11	0	0	559	48	134	3	275	48	0.43
0	19.8	7	0	0	49	5	20	0	24	5	0.42
0	3.2	4	0	0	0	5	0	0	0	5	0.0
0	1.0	2	0	0	0	0	18	0	28	19	0.88
0	0.0	1	0	0	0	0	0	0	37	5	0.46
0	0.0	1	0	0	0	0	0	0	33	6	0.54
0	14.0	6	0	0	8	2	8	0	13	2	0.41
0	15.4	5	0	0	15	0	5	12	83	5	0.41
0	16.0	6	0	0	18	2	2	0	23	2	0.57
0	19.86	7	0	0	69	7	28	0	35	7	0.46
0	2.6	5	0	0	3	3	2	0	0	5	0.0
0	2.0	3	0	0	0	0	8	8	11	8	0.85
0	14.0	6	0	0	28	6	24	0	28	6	0.45
0	16.57	7	0	0	39	7	18	0	38	7	0.32
0	18.0	7	0	0	40	7	19	0	32	7	0.3
0	19.67	6	0	0	12	3	3	6	28	3	0.52
0	17.0	6	0	0	15	3	12	0	23	3	0.56
0	20.5	11	2	0	12	0	3	0	23	2	0.57
0	9.0	5	2	0	4	1	0	2	8	1	0.14
0	17.0	7	38	0	76	19	76	38	53	19	0.44
0	19.4	5	0	0	17	0	5	15	61	5	0.49
0	19.0	11	0	0	17	0	4	0	33	3	0.56
0	13.71	7	0	0	36	7	15	0	15	7	0.27
0	8.86	5	0	0	37	7	7	0	43	7	0.52
0	16.53	8	53	22	66	4	10	48	33	19	0.12
0	17.7	7	0	0	56	10	27	0	54	10	0.34
0	0.0	1	0	0	0	0	0	0	17	5	0.39
0	2.0	3	0	0	0	0	4	4	5	4	0.62
0	19.0	7	0	0	59	10	29	0	54	10	0.38
0	1.0	2	2	0	0	0	0	0	1	2	0.12
0	15.2	6	0	0	23	5	20	0	32	5	0.44
0	15.5	6	0	0	27	6	24	0	23	6	0.45
0	28.44	11	0	0	83	8	16	0	33	9	0.51
0	4.83	6	9	1	1	0	9	2	51	6	0.36
0	0.0	1	0	0	0	0	0	0	3	3	0.6
0	21.71	7	0	0	42	14	21	0	39	7	0.33
0	15.5	6	0	0	30	6	24	0	22	6	0.42
0	20.75	9	0	0	28	4	20	0	34	4	0.49
0	22.75	10	0	0	28	4	20	0	25	4	0.42
0	13.17	6	0	0	25	6	22	0	39	6	0.46
0	7.0	4	3	0	2	0	0	2	15	1	0.36
0	10.0	6	0	0	24	6	12	0	11	6	0.69
0	14.0	6	0	0	30	6	24	0	30	6	0.45
0	0.0	1	0	0	0	0	0	0	15	11	0.27
0	15.2	5	0	0	15	0	5	11	95	5	0.44
0	5.9	7	0	0	0	8	0	0	2	10	0.67
0	19.0	9	0	0	20	3	15	0	17	3	0.41
0	32.98	11	0	0	665	48	216	3	320	48	0.42
0	24.22	10	0	0	82	8	16	0	30	9	0.45
0	18.6	7	0	0	58	10	28	0	59	10	0.38
0	19.0	10	0	0	70	7	14	0	19	7	0.37
0	31.38	11	0	0	97	8	16	0	36	8	0.48
0	19.33	7	0	0	54	9	27	0	44	9	0.34
0	21.58	6	0	0	120	12	12	39	43	12	0.61
0	16.5	6	0	0	29	6	24	0	37	6	0.49
0	18.0	7	0	0	30	6	24	0	39	6	0.57
0	12.0	7	0	0	50	10	10	10	40	10	0.47
0	6.71	5	0	0	114	0	114	0	86	114	0.65
0	21.0	7	0	0	42	14	21	0	41	7	0.36
0	14.5	6	0	0	28	6	24	0	35	6	0.43
0	0.0	1	0	0	0	0	0	0	34	10	0.37
0	15.0	5	0	0	15	0	7	11	121	5	0.37
0	30.0	8	0	0	256	16	32	0	63	16	0.56
0	14.0	9	0	0	12	2	8	0	16	2	0.53
0	11.33	7	0	4	12	3	7	0	8	3	0.35
0	13.25	7	0	0	20	4	8	0	21	4	0.64
0	14.69	8	43	14	52	2	8	40	28	16	0.1
0	1.0	2	0	0	0	0	7	0	16	7	0.94
0	12.5	11	0	0	8	0	1	0	10	2	0.4
0	14.6	6	0	0	22	5	20	0	37	5	0.49
0	21.0	7	0	0	42	14	21	0	44	7	0.38
0	2.0	3	0	0	0	1	1	0	0	1	0.0
0	16.0	6	0	0	27	3	3	0	21	3	0.47
0	16.0	6	0	0	18	2	2	0	21	2	0.54
0	20.5	11	2	0	12	0	3	0	31	2	0.53
0	32.23	11	0	0	644	48	201	6	306	48	0.42
0	2.0	3	0	0	9	0	9	0	0	9	0.0
0	20.0	7	0	0	18	3	9	0	30	3	0.37
0	16.0	7	0	6	12	3	9	0	12	3	0.43
0	6.38	9	2	0	10	7	6	0	2	8	0.17
0	22.92	6	0	0	120	12	12	44	25	12	0.45
0	0.0	1	0	0	0	0	0	0	22	13	0.54
0	3.0	3	1	0	1	0	1	0	19	1	0.51
0	21.0	9	0	0	14	2	10	0	12	2	0.5
0	30.0	10	0	0	46	4	8	0	19	4	0.43
0	19.33	7	0	0	18	3	9	0	30	3	0.36
0	29.57	10	0	0	85	7	14	0	25	7	0.4
0	25.0	7	0	0	112	8	32	0	38	8	0.46
0	1.8	3	0	0	0	0	3	0	8	5	0.57
0	14.5	6	0	0	29	6	24	0	33	6	0.49
0	13.5	7	0	0	11	2	4	0	17	2	0.71
0	18.2	7	0	0	57	10	27	0	67	10	0.37
0	1.0	2	0	0	0	0	3	0	5	3	0.83
0	0.0	1	0	0	0	0	0	0	3	5	0.15
0	19.86	7	0	0	41	14	20	0	23	7	0.26
0	2.0	2	10	10	0	0	0	0	99	10	0.47
0	6.22	9	2	0	10	8	8	0	2	9	0.17
0	19.7	14	0	0	42	15	11	15	139	10	0.4
0	20.0	7	0	0	60	10	30	0	63	10	0.35
0	17.14	7	0	0	39	7	18	0	40	7	0.33
0	1.0	2	2	0	0	0	0	0	28	2	0.5
0	14.6	5	0	0	15	0	6	11	71	5	0.39
0	9.62	9	0	0	94	0	48	0	82	68	0.73
0	1.0	2	0	0	0	0	2	0	3	2	0.75
0	13.83	7	0	0	28	6	20	0	32	6	0.45
0	10.5	10	0	0	8	0	1	0	2	2	0.4
0	13.5	5	0	0	12	0	5	8	95	4	0.43
0	2.0	2	1	1	0	0	0	0	14	1	0.32
0	2.0	2	4	4	0	0	0	0	92	4	0.4
0	1.0	2	0	0	0	0	2	0	4	2	0.57
0	17.3	14	0	0	30	15	10	14	39	10	0.44
0	16.86	7	0	0	38	7	17	0	47	7	0.39
0	21.5	9	0	0	14	2	10	0	15	2	0.37
0	16.0	6	0	0	24	5	18	0	34	5	0.46
0	18.0	7	0	0	17	3	8	0	28	3	0.37
0	25.67	10	0	0	85	8	16	0	32	9	0.48
0	14.4	6	0	0	24	5	19	0	34	5	0.46
0	13.4	5	0	0	15	0	6	10	149	5	0.39
0	4.35	6	0	0	154	65	100	0	89	279	0.44
0	19.5	6	0	0	8	2	2	4	22	2	0.61
0	7.0	4	3	0	2	0	0	2	7	1	0.1
0	5.45	5	1	0	192	85	100	0	52	285	0.5
0	16.4	5	0	0	15	0	5	12	52	5	0.39
0	28.5	10	0	0	41	4	8	0	23	4	0.48
0	2.0	3	0	0	0	15	15	0	0	15	0.0
0	16.17	7	0	0	29	6	23	0	46	6	0.53
0	5.0	4	0	0	8	0	8	0	6	8	0.75
0	39.0	11	0	0	98	7	14	0	22	7	0.37
0	14.0	6	0	0	26	6	24	0	30	6	0.49
0	17.4	7	0	0	57	10	27	0	54	10	0.37
0	20.9	7	0	0	60	10	33	0	63	10	0.37
0	13.5	7	0	0	22	4	8	0	29	4	0.67
0	12.33	5	0	0	84	12	36	0	66	12	0.54
0	17.0	5	0	0	15	0	6	13	141	5	0.39
0	19.6	7	0	0	59	10	29	0	62	10	0.37
0	12.6	6	0	0	23	5	16	0	30	5	0.47
0	4.31	6	0	0	159	57	100	0	89	262	0.4
0	19.33	7	0	0	18	3	9	0	29	3	0.34
0	17.43	7	0	0	40	7	19	0	35	7	0.3
0	17.57	7	0	0	40	7	19	0	38	7	0.38
0	21.88	14	0	0	40	9	10	15	158	8	0.41
0	13.0	5	0	0	15	0	5	10	58	5	0.35
0	16.86	7	0	0	38	7	17	0	48	7	0.39
0	15.0	12	0	0	10	2	0	0	5	2	0.26
0	29.31	11	0	0	613	48	183	1	328	48	0.41
0	16.0	6	0	0	30	6	24	0	32	6	0.39
0	13.33	6	0	0	26	6	23	0	39	6	0.44
0	14.0	6	0	0	29	6	24	0	28	6	0.43
0	6.83	9	2	0	10	5	4	0	2	6	0.17
0	8.33	8	0	0	7	1	2	0	14	3	0.82
0	19.0	5	0	0	15	0	5	15	54	5	0.48
0	15.0	6	0	0	29	6	22	0	37	6	0.41
0	0.0	1	0	0	0	0	0	0	42	16	0.5
0	18.57	7	0	0	41	7	20	0	42	7	0.34
0	18.2	7	0	0	58	10	28	0	58	10	0.36
0	2.0	2	11	11	0	0	0	0	93	11	0.49
0	0.0	1	0	0	0	0	0	0	50	6	0.56
0	14.5	6	0	0	26	6	24	0	27	6	0.4
0	4.33	6	1	0	153	57	100	0	87	258	0.43
0	17.0	7	8	0	16	4	16	8	24	4	0.48
0	5.0	4	0	0	6	0	6	0	8	6	0.62
0	16.0	6	0	0	30	6	24	0	15	6	0.33
0	20.25	9	0	0	28	4	20	0	28	4	0.41
0	14.0	6	0	0	25	6	24	0	29	6	0.52
0	8.33	8	0	0	14	2	4	0	12	6	0.52
0	18.8	7	0	0	29	5	14	0	42	5	0.38
0	0.0	1	0	0	0	0	0	0	44	8	0.59
0	2.0	3	0	0	0	2	2	0	0	2	0.0
0	2.0	3	0	0	0	0	12	0	13	12	0.57
0	19.71	7	0	0	42	7	21	0	38	7	0.29
0	4.37	6	0	0	154	61	100	0	107	269	0.46
0	16.0	6	0	0	27	3	3	0	18	3	0.45
0	1.0	2	0	0	0	0	3	0	7	3	0.78
0	4.39	6	0	0	153	66	100	0	98	275	0.47
0	17.0	6	0	0	25	5	20	0	29	5	0.45
0	10.0	5	0	0	18	3	3	0	21	3	0.54
0	32.44	11	0	0	627	48	185	9	325	48	0.41
0	2.0	2	5	5	0	0	0	0	111	5	0.4
0	0.0	1	0	0	0	0	0	0	13	3	0.36
0	15.0	7	0	0	6	1	2	0	15	1	0.65
0	18.0	7	0	0	57	10	27	0	49	10	0.33
0	30.0	8	0	0	272	17	34	0	45	17	0.4
0	18.25	8	10	8	14	1	2	10	10	4	0.09
0	2.0	2	0	0	0	0	3	0	4	3	1.0
0	4.38	6	9	0	1	0	9	1	49	8	0.33
0	30.0	8	0	0	240	15	30	0	44	15	0.44
0	1.0	2	0	0	0	0	11	0	16	13	0.73
0	3.0	4	0	0	0	9	0	0	0	9	0.0
0	13.83	6	0	0	27	6	20	0	46	6	0.53
0	0.0	1	0	0	0	0	0	0	23	4	0.45
0	18.0	7	0	0	15	6	6	0	12	3	0.25
0	14.6	6	0	0	25	5	20	0	32	5	0.46
0	0.0	9	0	0	12	1	2	0	8	0	0.53
0	15.83	7	0	0	28	6	23	0	42	6	0.54
0	14.0	7	0	0	35	7	14	0	35	7	0.35
0	9.69	9	0	0	98	0	52	0	81	72	0.69
0	14.5	6	0	0	30	6	24	0	32	6	0.42
0	15.5	12	0	0	10	2	1	0	5	2	0.26
0	27.7	11	0	0	89	8	16	0	41	10	0.53
0	13.5	6	0	0	9	2	7	0	19	2	0.58
0	18.4	7	0	0	58	10	28	0	58	10	0.37
0	18.4	7	0	0	57	10	27	0	41	10	0.32
0	12.0	7	0	0	15	3	3	3	24	3	0.47
0	19.0	11	1	0	17	0	4	0	34	3	0.45
0	17.0	6	0	0	20	4	16	0	13	4	0.27
0	18.0	9	0	0	7	1	5	0	11	1	0.5
0	2.0	2	7	7	0	0	0	0	108	7	0.43
0	14.83	6	0	0	28	6	20	0	30	6	0.42
0	2.0	2	5	5	0	0	0	0	35	5	0.47
0	2.0	3	0	0	0	0	7	0	4	7	0.4
0	0.0	1	0	0	0	0	0	0	45	5	0.53
0	0.0	1	0	0	0	0	0	0	1	5	0.06
0	6.83	9	2	0	10	5	5	0	2	6	0.17
0	4.32	6	0	0	156	58	100	0	90	264	0.41
0	5.0	3	0	0	20	0	0	0	14	4	0.38
0	15.0	6	0	0	14	3	12	0	27	3	0.47
0	13.83	6	0	0	29	6	23	0	32	6	0.53
0	2.0	2	8	8	0	0	0	0	78	8	0.5
0	0.0	1	0	0	0	0	0	0	32	5	0.51
0	9.81	9	0	0	80	0	42	0	63	58	0.7
0	0.0	1	0	0	0	0	0	0	27	5	0.68
0	2.0	2	7	7	0	0	0	0	92	7	0.4
0	19.4	7	0	0	59	10	29	0	40	10	0.26
0	15.83	6	0	0	29	6	23	0	22	6	0.51
0	3.0	3	1	0	1	0	1	0	21	1	0.5
0	14.0	7	0	0	24	4	8	0	22	4	0.71
0	8.0	5	0	0	35	7	7	0	35	7	0.5
0	17.71	7	0	0	40	7	19	0	53	7	0.38
0	0.0	1	0	0	0	0	0	0	37	2	0.51
0	1.0	2	0	0	0	0	33	0	9	33	0.21
0	17.8	7	0	0	56	10	26	0	51	10	0.32
0	18.8	5	0	0	15	0	6	15	86	5	0.41
0	18.0	7	0	0	41	7	20	0	42	7	0.37
0	1.0	2	0	0	0	0	32	0	3	32	0.08
0	4.45	6	0	0	153	67	100	0	69	268	0.39
0	20.5	9	0	0	27	4	20	0	27	4	0.4
0	30.0	8	0	0	272	17	34	0	49	17	0.54
0	30.33	10	0	0	35	3	6	0	17	3	0.5
0	18.86	7	0	0	41	7	20	0	36	7	0.3
0	24.2	11	0	0	83	8	16	0	28	10	0.44
0	20.0	7	0	0	42	7	21	0	57	7	0.4
0	17.0	7	0	0	55	10	25	0	50	10	0.32
0	29.95	8	0	0	304	19	38	0	58	19	0.6
0	14.83	6	0	0	28	6	20	0	38	6	0.47
0	15.0	6	0	0	28	6	24	0	29	6	0.42
0	12.08	5	0	0	84	12	36	0	51	12	0.45
0	2.0	3	0	0	0	0	10	0	11	10	0.69
0	18.57	7	0	0	41	7	20	0	50	7	0.36
0	12.0	7	0	0	30	6	6	6	31	6	0.53
0	0.0	1	0	0	0	0	0	0	4	1	0.5
0	15.8	7	0	0	54	10	24	0	55	10	0.37
0	21.0	9	0	0	14	2	10	0	15	2	0.48
0	14.83	6	0	0	29	6	23	0	22	6	0.38
0	14.5	6	0	0	27	6	24	0	36	6	0.43
0	19.2	7	0	0	59	10	29	0	56	10	0.35
0	18.6	7	0	0	58	10	28	0	67	10	0.39
0	3.27	5	0	0	0	0	49	0	15	55	0.18
0	13.83	6	0	0	28	6	23	0	34	6	0.44
0	12.0	7	0	0	15	3	3	3	18	3	0.37
0	14.2	6	0	0	24	5	18	0	30	5	0.45
0	16.25	5	0	0	12	0	5	9	87	4	0.4
0	2.0	3	0	0	0	0	9	0	11	9	0.73
0	18.57	7	0	0	41	7	20	0	52	7	0.39
0	15.0	6	0	0	29	6	24	0	37	6	0.46
0	16.33	7	0	0	29	6	23	0	32	6	0.43
0	9.0	4	1	0	3	0	1	2	22	1	0.5
0	6.0	3	0	0	0	0	8	0	6	2	0.55
0	2.0	2	0	0	0	0	0	0	2	2	0.33
0	8.33	8	0	0	70	10	20	0	31	30	0.45
0	1.0	2	0	0	0	0	1	0	7	2	0.64
0	9.77	9	0	0	98	0	54	0	77	73	0.68
0	16.29	7	0	0	38	7	17	0	31	7	0.26
0	17.67	7	0	0	30	6	25	0	34	6	0.38
0	17.2	7	0	0	56	10	26	0	49	10	0.35
0	18.2	7	0	0	58	10	28	0	62	10	0.38
0	21.75	9	0	0	28	4	20	0	20	4	0.32
0	4.41	6	1	0	163	61	100	0	113	286	0.42
0	20.5	7	0	0	59	10	32	0	59	10	0.36
0	0.0	1	0	0	0	0	0	0	12	7	0.27
0	8.0	8	0	0	3	0	0	0	3	2	0.6
0	13.5	11	0	0	8	0	1	0	9	2	0.36
0	5.6	3	0	0	8	0	0	10	0	5	0.0
0	30.0	8	0	0	224	14	28	0	39	14	0.58
0	13.5	7	0	0	11	2	4	0	14	2	0.56
0	27.85	11	0	0	561	48	149	4	289	48	0.39
0	20.71	7	0	0	42	14	21	0	49	7	0.38
0	4.0	6	10	0	1	0	9	1	51	9	0.34
0	1.0	2	0	0	0	0	0	0	19	5	0.37
0	14.5	6	0	0	27	6	24	0	32	6	0.46
0	16.6	5	0	0	15	0	5	13	56	5	0.43
0	15.17	6	0	0	29	6	22	0	31	6	0.47
0	9.73	9	0	0	83	0	43	0	72	60	0.69
0	1.0	2	0	0	0	0	24	0	3	24	0.11
0	1.44	3	0	0	0	0	4	0	8	9	0.73
0	17.43	7	0	0	38	14	17	0	43	7	0.38
0	17.0	7	14	0	28	7	28	14	29	7	0.46
0	4.78	6	0	0	0	0	41	0	12	46	0.16
0	13.0	6	0	0	27	6	21	0	36	6	0.47
0	19.2	5	0	0	17	0	5	14	62	5	0.35
0	11.5	10	0	0	8	2	1	0	0	2	0.0
0	17.0	7	0	0	31	6	25	0	29	6	0.43
0	19.14	7	0	0	41	7	20	0	49	7	0.36
0	20.0	9	0	0	14	2	10	0	23	2	0.44
0	16.5	5	0	0	12	0	5	10	90	4	0.41
0	6.67	6	10	0	1	0	15	2	47	9	0.34
0	13.83	6	0	0	29	6	23	0	37	6	0.45
0	15.4	6	0	0	24	5	18	0	35	5	0.47
0	20.5	11	1	0	12	0	3	0	35	2	0.57
0	15.5	6	0	0	30	6	24	0	39	6	0.49
0	2.0	3	0	0	0	0	9	9	9	9	0.82
0	30.0	8	0	0	256	16	32	0	53	16	0.53
0	17.5	7	0	0	22	4	10	0	30	4	0.32
0	18.29	7	0	0	40	7	20	0	52	7	0.39
0	30.0	8	0	0	272	17	34	0	44	17	0.48
0	5.8	5	0	0	10	0	0	0	15	5	0.44
0	18.4	7	0	0	57	10	29	0	55	10	0.33
0	17.17	6	0	0	32	6	25	0	38	6	0.4
0	8.33	8	0	0	63	9	18	0	25	27	0.36
0	32.17	11	0	0	68	6	12	0	40	6	0.61
0	14.6	5	0	0	15	0	9	10	191	5	0.41
0	26.0	11	0	0	33	3	12	0	32	3	0.52
0	4.74	6	0	0	169	75	100	0	73	276	0.42
0	2.25	3	0	1	0	4	4	0	2	4	0.67
0	4.0	4	0	0	4	4	4	4	8	4	1.0
0	7.38	8	0	0	8	0	1	0	7	8	0.64
0	16.5	6	0	0	29	6	24	0	27	6	0.55
0	19.0	9	0	0	6	1	5	0	14	1	0.45
0	18.86	7	0	0	40	14	19	0	36	7	0.26
0	9.53	9	0	0	90	0	44	0	78	64	0.72
0	18.0	7	0	0	40	7	19	0	54	7	0.39
0	5.0	4	0	0	7	0	7	0	3	7	0.33
0	20.0	7	0	0	60	10	30	0	68	10	0.4
0	14.17	6	0	0	28	6	22	0	44	6	0.51
0	18.8	7	0	0	58	10	28	0	52	10	0.34
0	13.75	7	0	0	23	4	8	0	27	4	0.69
0	15.5	6	0	0	29	6	24	0	22	6	0.42
0	30.0	8	0	0	288	18	36	0	55	18	0.68
0	15.6	5	0	0	15	0	6	11	105	5	0.45
0	17.0	7	4	0	8	2	8	4	11	2	0.5
0	18.8	5	0	0	15	0	6	15	104	5	0.44
0	14.83	6	0	0	29	6	23	0	34	6	0.49
0	18.33	6	0	0	34	6	26	0	28	6	0.34
0	17.67	7	0	0	31	6	25	0	36	6	0.5
0	2.0	2	10	10	0	0	0	0	104	10	0.47
0	16.0	6	0	0	30	6	24	0	27	6	0.49
0	17.0	6	0	0	5	1	4	0	8	1	0.4
0	4.2	5	0	0	153	69	100	0	43	269	0.34
0	19.43	7	0	0	41	7	20	0	52	7	0.38
0	1.25	3	0	0	1	0	0	0	4	4	0.57
0	16.8	5	0	0	15	0	6	12	87	5	0.42
0	15.2	7	0	0	26	5	11	0	29	5	0.33
0	5.67	5	0	0	6	0	0	0	7	3	0.37
0	19.6	7	0	0	59	10	29	0	48	10	0.28
0	11.5	6	0	0	8	2	6	0	12	2	0.41
0	29.93	8	0	0	224	14	28	0	47	14	0.51
0	15.33	7	0	6	12	3	9	0	13	3	0.43
0	13.8	7	0	0	29	5	10	0	27	5	0.68
0	13.0	6	0	0	36	6	12	0	31	6	0.46
0	1.0	2	0	0	0	0	14	0	7	14	0.26
0	17.0	7	0	0	55	10	25	0	58	10	0.36
0	0.0	1	0	0	0	0	0	0	7	4	0.35
0	29.56	11	0	0	592	48	162	4	347	48	0.42
0	15.0	6	0	0	31	6	24	0	40	6	0.46
0	19.8	7	0	0	60	10	30	0	44	10	0.33
0	0.0	1	0	0	0	0	0	0	19	1	0.56
0	15.43	7	0	0	36	7	15	0	40	7	0.29
0	1.09	3	0	0	0	0	11	0	6	11	0.23
0	0.0	1	0	0	0	0	0	0	6	3	0.29
0	2.0	2	7	7	0	0	0	0	116	7	0.43
0	9.0	7	2	0	9	1	0	0	1	2	0.09
0	14.0	7	0	0	30	5	10	0	26	5	0.6
0	26.57	11	0	0	83	7	14	0	32	7	0.44
0	12.0	5	0	0	48	8	8	0	40	8	0.56
0	0.0	1	0	0	0	0	0	0	8	6	0.4
0	12.0	7	0	0	10	2	2	2	16	2	0.34
0	27.0	11	0	0	22	2	8	0	28	2	0.58
0	22.0	7	0	0	42	14	21	0	40	7	0.32
0	1.12	3	0	0	0	0	7	0	7	8	0.54
0	4.0	4	0	0	3	3	3	3	5	3	1.0
0	0.0	1	0	0	0	0	0	0	0	13	0.0
0	14.0	6	0	0	9	2	8	0	20	2	0.5
0	9.0	6	0	0	4	1	2	0	10	1	0.4
0	22.45	6	0	0	110	11	11	39	33	11	0.51
0	13.83	6	0	0	28	6	20	0	40	6	0.49
0	3.0	3	0	0	0	0	0	0	7	3	0.7
0	15.8	6	0	0	25	5	20	0	34	5	0.54
0	0.0	1	0	0	0	0	0	0	9	6	0.6
0	0.86	3	0	0	0	0	0	0	2	7	0.12
0	21.0	7	0	0	36	12	18	0	35	6	0.35
0	8.0	5	0	0	15	0	0	5	2	5	0.29
0	0.0	1	0	0	0	0	0	0	18	10	0.46
0	14.0	6	0	0	10	2	8	0	25	2	0.6
0	15.83	6	0	0	29	6	23	0	36	6	0.49
0	22.0	10	0	0	28	4	20	0	26	4	0.42
0	5.0	4	1	0	0	0	2	0	2	1	0.33
0	11.5	6	0	0	27	6	18	0	32	6	0.5
0	1.0	2	0	0	0	0	21	0	4	21	0.17
0	0.0	1	0	0	0	0	0	0	17	3	0.5
0	18.25	7	8	0	17	4	16	10	23	4	0.39
0	1.0	2	0	0	0	0	27	0	3	27	0.09
0	0.0	1	0	0	1	0	0	0	0	0	0.0
0	0.0	1	0	0	0	0	0	0	13	5	0.5
0	18.14	7	0	0	41	7	20	0	36	7	0.42
0	1.0	2	0	0	0	0	4	0	2	5	0.18
0	8.33	8	0	0	14	2	4	0	14	6	0.5
0	31.04	11	0	0	611	48	178	5	327	48	0.41
0	19.86	7	0	0	69	7	28	0	39	7	0.48
0	15.0	7	0	6	12	3	9	0	12	3	0.43
0	3.5	4	1	2	2	0	2	0	13	2	0.72
0	22.82	11	0	0	79	8	16	0	31	11	0.53
0	19.33	6	0	0	12	3	3	6	25	3	0.64
0	17.0	7	10	0	20	5	20	10	29	5	0.43
0	7.0	5	0	0	10	2	0	0	5	2	0.56
0	16.77	10	0	0	82	8	16	0	30	13	0.45
0	17.8	5	0	0	15	0	5	15	94	5	0.38
0	17.4	14	0	0	30	15	10	15	68	10	0.41
0	10.24	11	0	0	83	8	16	0	40	21	0.51
0	14.0	6	0	0	27	6	24	0	37	6	0.52
0	0.0	5	0	0	5	1	4	0	2	0	0.17
0	2.0	3	0	0	0	0	6	0	10	6	0.83
0	15.2	6	0	0	25	5	20	0	34	5	0.42
0	5.0	4	0	0	8	0	8	0	9	8	0.53
0	14.0	6	0	0	26	6	24	0	25	6	0.48
0	19.2	7	0	0	58	10	28	0	76	10	0.39
0	18.0	7	0	0	58	10	28	0	51	10	0.36
0	17.0	7	4	0	8	2	8	4	13	2	0.52
0	17.0	7	4	0	8	2	8	4	20	2	0.5
0	23.0	8	0	0	81	9	18	0	37	9	0.51
0	18.17	7	0	0	31	6	25	0	30	6	0.46
0	0.0	1	0	0	0	0	0	0	6	4	0.24
0	20.0	7	0	0	42	7	21	0	51	7	0.36
0	15.4	5	0	0	15	0	8	11	144	5	0.39
0	4.0	4	0	0	0	0	2	0	5	2	0.45
0	2.5	3	0	0	0	0	3	0	5	4	0.28
0	3.75	5	0	0	0	0	12	0	19	12	0.79
0	1.0	3	0	0	4	0	0	0	11	4	0.33
0	18.8	7	0	0	59	10	29	0	63	10	0.38
0	12.5	7	0	0	10	2	2	2	27	2	0.59
0	14.2	5	0	0	15	0	5	11	62	5	0.37
0	13.5	7	5	1	6	0	1	5	8	2	0.12
0	14.17	6	0	0	29	6	22	0	38	6	0.48
0	1.0	2	0	0	0	0	0	0	51	8	0.51
0	18.0	7	0	0	41	7	20	0	46	7	0.34
0	2.0	2	6	6	0	0	0	0	62	6	0.41
0	2.0	2	6	6	0	0	0	0	52	6	0.48
0	29.74	8	0	0	304	19	38	0	57	19	0.47
0	20.0	7	0	0	60	10	30	0	52	10	0.33
0	12.5	6	0	0	27	6	21	0	43	6	0.57
0	29.95	8	0	0	304	19	38	0	53	19	0.57
0	2.0	2	6	6	0	0	0	0	41	6	0.42
0	13.83	6	0	0	28	6	20	0	39	6	0.45
0	29.89	8	0	0	288	18	36	0	64	18	0.61
0	8.0	7	0	0	36	6	6	0	10	6	0.59
0	15.0	5	0	0	15	0	6	11	127	5	0.4
0	7.0	4	6	0	4	0	0	4	11	2	0.24
0	10.0	10	0	0	12	0	0	0	7	3	0.64
0	6.0	3	0	0	1	0	1	0	3	1	0.27
0	20.33	9	0	0	21	3	15	0	23	3	0.41
0	12.0	7	0	0	20	4	4	4	30	4	0.48
0	29.94	8	0	0	288	18	36	0	43	18	0.42
0	0.0	1	0	0	0	0	0	0	52	11	0.49
0	20.0	7	2	0	4	1	4	2	20	1	0.65
0	18.6	7	0	0	58	10	28	0	52	10	0.33
0	15.67	7	0	6	12	3	9	0	17	3	0.53
0	31.0	10	0	0	49	4	8	0	25	4	0.53
0	8.0	4	2	0	3	0	0	3	5	1	0.13
0	18.0	7	0	0	41	7	20	0	48	7	0.38
0	1.0	2	0	0	0	0	0	0	29	5	0.36
0	21.5	14	0	0	26	3	8	14	119	6	0.4
0	13.0	5	0	0	15	0	5	10	64	5	0.38
0	4.35	6	2	0	156	63	100	0	101	277	0.44
0	15.33	6	0	0	28	6	23	0	24	6	0.36
0	14.5	6	0	0	27	6	24	0	35	6	0.43
0	19.14	7	0	0	42	7	21	0	40	7	0.34
0	17.71	7	0	0	39	7	18	0	52	7	0.35
0	0.0	1	0	0	0	0	0	0	11	2	0.46
0	6.0	3	0	0	0	0	4	0	4	1	0.5
0	17.0	6	0	0	5	1	4	0	12	1	0.46
0	23.4	11	0	0	84	8	16	0	39	10	0.53
0	1.0	2	0	0	0	0	8	0	6	8	0.43
0	18.5	11	0	0	11	0	2	0	28	2	0.53
0	22.17	6	0	0	124	12	12	38	31	12	0.54
0	3.0	4	0	0	0	2	0	0	0	2	0.0
0	20.0	11	1	0	15	0	3	0	35	3	0.56
0	9.0	3	0	0	0	0	2	0	11	1	0.42
0	19.6	7	0	0	60	10	30	0	51	10	0.35
0	19.0	6	0	0	12	3	3	6	28	3	0.74
0	30.0	8	0	0	304	19	38	0	52	19	0.49
0	1.56	3	0	0	0	0	5	0	6	9	0.86
0	13.83	11	0	0	24	0	5	0	13	6	0.25
0	15.5	8	11	2	14	1	2	10	13	4	0.14
0	1.0	2	0	0	0	0	0	0	10	5	0.43
0	15.8	7	0	0	54	10	24	0	57	10	0.39
0	13.5	7	0	0	11	2	4	0	15	2	0.56
0	17.6	14	0	0	30	15	11	15	97	10	0.41
0	0.0	1	0	0	0	0	0	0	39	6	0.59
0	16.2	5	0	0	15	0	7	12	126	5	0.43
0	16.0	7	0	0	37	7	16	0	49	7	0.4
0	2.0	3	0	0	0	0	5	0	8	5	0.73
0	2.0	3	0	0	0	0	11	0	13	11	0.72
0	13.4	5	0	0	15	0	6	10	76	5	0.36
0	0.62	2	0	0	0	0	5	0	5	8	0.38
0	3.0	3	0	0	0	0	2	0	2	2	0.67
0	19.5	11	0	0	84	8	16	0	42	12	0.56
0	16.5	6	0	0	29	6	24	0	28	6	0.52
0	5.67	7	0	0	0	4	0	0	0	6	0.0
0	2.0	3	0	0	0	0	12	12	8	12	0.47
0	16.17	6	0	0	29	6	22	0	28	6	0.41
0	18.75	9	0	0	27	4	20	0	24	4	0.38
0	19.6	7	0	0	60	10	30	0	62	10	0.38
0	21.43	7	0	0	41	14	20	0	52	7	0.38
0	19.2	7	0	0	59	10	29	0	66	10	0.38
0	19.67	7	0	0	58	6	24	0	32	6	0.49
0	5.0	4	0	0	7	0	7	0	9	7	1.0
0	15.6	5	0	0	15	0	7	12	158	5	0.41
0	13.5	6	0	0	27	6	18	0	45	6	0.46
0	14.0	5	4	10	8	2	0	4	6	2	0.11
0	11.5	6	0	0	7	2	6	0	19	2	0.46
0	17.43	7	0	0	39	7	18	0	52	7	0.39
0	2.0	2	5	5	0	0	0	0	51	5	0.52
0	17.6	7	0	0	29	5	14	0	38	5	0.38
0	16.17	6	0	0	29	6	22	0	25	6	0.4
0	14.0	6	2	5	5	0	2	1	7	2	0.21
0	3.5	4	0	0	0	2	0	0	0	2	0.0
0	18.8	7	0	0	30	5	15	0	37	5	0.39
0	16.83	6	0	0	30	6	24	0	22	6	0.37
0	7.0	6	0	0	25	5	5	0	0	5	0.0
0	17.0	6	0	0	25	5	20	0	41	5	0.51
0	7.0	4	3	0	2	0	0	2	6	1	0.16
0	4.39	6	1	0	160	63	100	0	114	277	0.43
0	18.0	9	0	0	13	2	10	0	15	2	0.54
0	4.34	6	0	0	153	65	100	0	95	274	0.48
0	0.0	1	0	0	0	0	0	0	34	12	0.41
0	21.33	9	0	0	21	3	16	0	21	3	0.44
0	5.4	3	0	0	7	0	0	10	2	5	0.2
0	1.09	3	0	0	0	0	11	0	9	11	0.39
0	5.0	4	0	0	6	0	6	0	1	6	0.14
0	20.0	7	0	0	70	7	28	0	32	7	0.46
0	4.56	4	0	0	9	8	8	8	3	9	0.21
0	0.69	6	18	8	3	2	10	5	75	16	0.45
0	17.67	7	0	0	30	6	25	0	45	6	0.45
0	17.14	7	0	0	39	7	18	0	48	7	0.37
0	10.0	5	0	0	48	8	8	0	39	8	0.53
0	17.0	7	4	0	8	2	8	4	12	2	0.43
0	1.5	3	0	0	0	1	2	0	3	2	0.6
0	0.0	1	0	0	0	0	0	0	30	8	0.41
0	1.0	2	0	0	0	0	1	0	5	1	0.56
0	15.0	12	0	0	15	3	0	0	7	3	0.3
0	14.5	6	0	0	29	6	24	0	39	6	0.49
0	22.0	10	0	0	28	4	20	0	29	4	0.6
0	14.25	7	11	2	12	0	2	10	5	4	0.1
0	16.0	6	0	0	30	6	24	0	28	6	0.48
0	16.65	8	59	28	60	1	9	49	45	20	0.15
0	12.17	5	0	0	84	12	36	0	65	12	0.56
0	22.17	6	0	0	131	12	12	37	23	12	0.4
0	3.0	3	0	0	0	20	20	0	58	20	0.48
0	2.0	3	0	0	0	0	3	3	3	3	0.6
0	1.0	2	0	0	0	0	10	0	13	10	0.87
0	13.0	5	0	0	15	0	5	10	44	5	0.35
0	17.0	7	2	0	4	1	4	2	9	1	0.45
0	15.5	6	0	0	30	6	24	0	37	6	0.47
0	13.67	6	0	0	29	6	22	0	57	6	0.55
0	17.83	7	0	0	33	6	26	0	37	6	0.44
0	14.0	6	0	0	28	6	21	0	43	6	0.47
0	28.44	11	0	0	83	8	16	0	30	9	0.49
0	16.25	6	0	0	20	4	16	0	23	4	0.46
0	0.0	1	0	0	0	0	0	0	50	5	0.58
0	0.67	2	0	0	0	0	0	0	0	3	0.0
0	17.6	7	0	0	57	10	27	0	51	10	0.36
0	15.0	6	0	0	27	6	24	0	28	6	0.47
0	0.0	1	0	0	0	0	0	0	24	12	0.44
0	1.0	3	0	0	0	1	1	0	3	3	0.5
0	0.9	3	0	0	0	0	0	0	1	10	0.06
0	0.86	2	0	0	0	0	6	0	8	7	0.44
0	19.2	5	0	0	15	0	6	14	80	5	0.43
0	0.0	1	0	0	0	0	0	0	36	5	0.49
0	0.0	1	0	0	0	0	0	0	56	8	0.56
0	15.33	6	0	0	29	6	23	0	47	6	0.51
0	14.39	11	0	0	82	8	16	0	31	18	0.48
0	15.4	5	0	0	15	0	5	12	58	5	0.35
0	2.0	3	0	0	0	0	12	12	9	12	0.75
0	21.0	9	0	0	7	1	5	0	7	1	0.3
0	14.25	4	0	0	67	20	60	0	54	20	0.41
0	0.0	3	2	0	0	0	0	0	14	2	0.41
0	15.67	6	0	0	29	6	22	0	19	6	0.4
0	1.0	2	0	0	0	0	5	0	6	5	0.46
0	13.0	7	0	0	5	1	2	0	11	1	0.61
0	20.0	7	0	0	60	10	30	0	36	10	0.25
0	18.0	5	0	0	3	0	1	2	8	1	0.62
0	16.17	7	0	0	29	6	23	0	33	6	0.47
0	1.0	2	0	0	0	0	3	0	1	3	0.14
