relevant	depth	number_bold	number_br	number_div	number_img	number_li	number_links	number_p	number_relevants	number_td	number_th	number_tr	relevants_ratio
1	6	3	0	2	0	0	1	0	55	2	2	2	0.5
0	3	10	0	0	0	0	0	0	15	20	1	11	0.28
0	14	1	1	5	5	0	0	0	16	7	0	5	0.39
1	6	3	0	2	0	0	1	0	32	2	2	2	0.53
0	3	14	0	0	0	0	0	0	16	28	1	15	0.13
1	6	0	3	1	0	0	6	0	38	8	8	8	0.43
1	10	0	3	1	0	0	8	0	40	8	8	8	0.38
1	3	0	0	0	0	0	0	0	141	88	107	107	0.43
0	7	0	0	11	5	0	16	0	80	107	25	23	0.55
1	3	0	0	0	0	0	0	0	48	44	0	22	0.65
0	5	0	7	0	1	0	0	0	17	2	0	1	0.45
1	6	0	1	1	0	0	1	0	22	4	4	4	0.35
1	6	0	3	1	0	0	4	0	38	9	9	9	0.42
1	6	2	0	1	0	0	2	0	54	24	0	6	0.54
1	10	0	5	1	0	0	13	0	52	9	9	9	0.41
0	6	0	0	10	0	0	12	0	3	15	0	5	0.25
0	6	8	3	0	0	0	0	0	14	24	0	9	0.43
0	5	0	35	0	0	0	18	0	38	39	0	9	0.45
0	7	0	0	11	5	0	16	0	85	107	25	23	0.53
1	6	2	0	1	0	0	2	0	34	12	0	3	0.45
1	10	11	0	3	0	9	9	1	55	1	0	1	0.35
1	10	0	3	1	0	0	6	0	41	8	8	8	0.38
1	10	0	3	1	0	0	8	0	47	9	9	9	0.41
1	4	0	0	11	0	0	0	0	35	11	11	11	0.59
0	7	0	0	13	6	0	21	0	94	128	26	23	0.56
1	6	0	3	1	0	0	5	0	44	9	9	9	0.45
0	5	0	0	10	0	0	15	0	4	15	0	5	0.33
1	3	0	0	0	0	0	0	0	22	18	0	5	0.7
1	6	2	0	1	0	0	2	0	36	8	0	2	0.5
0	7	0	0	13	6	0	20	0	103	122	25	22	0.5
0	7	0	0	13	6	0	19	0	87	128	26	23	0.51
1	6	0	1	1	0	0	1	0	25	6	6	6	0.38
1	6	0	1	1	0	0	1	0	27	7	7	7	0.38
0	3	0	0	0	0	0	1	0	8	1	0	1	0.88
0	5	1	1	1	1	0	0	1	15	2	0	1	0.21
0	6	0	0	13	6	0	20	0	69	140	28	25	0.33
1	6	2	0	1	0	0	2	0	60	28	0	7	0.53
0	7	0	11	0	1	10	0	2	36	2	0	1	0.48
1	3	0	0	0	0	0	0	0	32	19	19	19	0.42
1	3	0	0	0	0	0	0	0	20	18	0	5	0.66
0	3	4	9	0	0	0	0	0	7	8	1	5	0.21
0	4	0	0	0	0	0	0	0	3	5	5	5	0.25
0	7	0	0	11	5	0	18	0	77	107	25	23	0.57
0	7	1	0	10	0	0	2	0	23	4	4	2	0.38
0	7	0	0	13	6	0	21	0	92	128	26	23	0.51
1	10	0	3	1	0	0	5	0	31	4	4	4	0.35
1	3	1	0	0	0	1	0	1	32	0	0	0	0.45
1	6	0	1	1	0	0	2	0	26	5	5	5	0.4
0	6	2	0	3	0	0	2	0	64	2	1	3	0.43
1	4	0	0	10	0	0	0	0	28	10	10	10	0.62
0	5	1	0	0	0	0	0	1	26	1	0	1	0.4
1	3	0	0	0	0	0	0	0	7	2	0	1	0.77
0	7	0	0	13	6	0	20	0	95	128	26	23	0.49
0	3	24	0	0	0	0	0	0	40	48	1	25	0.32
0	6	0	0	14	6	0	22	0	95	134	27	24	0.52
1	10	0	2	1	0	0	6	0	27	4	4	4	0.32
1	4	0	0	0	0	0	0	0	82	64	78	78	0.49
0	6	2	0	3	0	0	2	0	40	2	1	3	0.5
1	3	0	0	0	0	0	0	0	30	30	0	15	0.63
1	3	0	0	0	0	0	0	0	35	30	0	8	0.66
1	4	0	0	0	0	0	0	0	69	33	45	45	0.56
0	7	0	0	14	6	0	19	0	111	128	26	23	0.6
1	4	0	0	0	0	0	1	0	37	69	0	35	0.16
1	8	0	0	0	0	1	8	0	15	14	0	7	0.24
0	7	0	0	13	6	0	21	0	105	128	26	23	0.57
0	5	0	0	0	0	6	0	0	23	12	12	12	0.45
0	6	2	0	3	0	0	2	0	23	2	1	3	0.51
1	10	0	3	1	0	0	7	0	37	7	7	7	0.36
1	10	0	3	1	0	0	9	0	43	9	9	9	0.39
1	6	0	2	1	0	0	5	0	33	8	8	8	0.38
0	7	0	0	9	4	0	12	0	83	86	24	23	0.56
1	6	0	2	1	0	0	6	0	35	8	8	8	0.41
0	15	0	0	0	5	0	0	1	27	9	0	7	0.42
0	3	26	0	0	0	0	0	0	41	52	1	27	0.33
0	8	0	0	7	0	0	1	0	5	4	0	1	0.26
1	10	0	2	1	0	0	6	0	35	7	7	7	0.35
1	6	0	3	1	0	0	7	0	37	9	9	9	0.42
0	7	0	0	13	6	0	23	0	77	86	19	16	0.56
1	10	0	3	1	0	0	6	0	53	9	9	9	0.44
1	6	3	0	2	0	0	1	0	24	2	2	2	0.46
1	4	7	0	0	0	0	0	0	44	47	47	47	0.3
0	5	0	0	8	4	0	0	8	17	4	4	2	0.15
0	6	0	0	14	6	0	22	0	101	116	24	21	0.54
0	7	0	0	13	6	0	17	0	69	86	19	16	0.47
0	6	0	0	13	6	0	22	0	90	122	25	22	0.55
0	7	0	0	9	4	0	12	0	84	86	24	23	0.58
0	7	0	0	13	6	0	20	0	108	128	26	23	0.57
1	10	0	3	1	0	0	5	0	44	10	10	10	0.38
1	3	0	0	0	0	0	0	0	75	70	0	35	0.65
0	7	0	0	13	6	0	23	0	90	128	26	23	0.56
1	4	0	0	0	0	0	1	0	40	61	0	31	0.18
1	3	0	0	0	0	0	0	0	19	40	0	20	0.26
1	10	0	3	1	0	0	6	0	42	7	7	7	0.4
1	4	0	0	0	0	0	1	0	43	69	0	35	0.22
1	6	0	3	1	0	0	5	0	35	6	6	6	0.44
1	4	0	0	0	0	0	0	28	37	28	0	14	0.45
1	2	0	11	0	0	10	0	0	31	0	0	0	0.53
1	10	0	3	1	0	0	7	0	41	8	8	8	0.39
1	10	0	3	1	0	0	7	0	29	4	4	4	0.34
0	7	0	0	13	6	0	22	0	52	86	19	16	0.52
0	3	4	8	0	0	0	0	0	10	8	1	5	0.23
0	7	0	0	9	4	0	13	0	89	86	24	23	0.58
1	6	2	0	1	0	0	2	0	54	28	0	7	0.51
1	10	10	0	3	0	8	9	1	51	1	0	1	0.35
0	7	0	0	7	0	0	0	0	16	3	0	1	0.57
1	6	0	1	1	0	0	1	0	30	9	9	9	0.39
0	6	0	0	14	6	0	24	0	67	80	18	15	0.53
0	4	0	0	10	0	0	0	0	1	15	0	5	0.12
0	7	0	0	13	6	0	22	0	97	128	26	23	0.66
1	4	0	0	11	0	0	0	0	29	11	11	11	0.64
0	5	0	24	0	0	0	12	0	30	23	0	3	0.51
1	6	2	0	1	0	0	2	0	41	14	0	4	0.51
1	6	0	1	1	0	0	1	0	28	7	7	7	0.38
0	7	0	0	13	6	0	20	0	102	128	26	23	0.53
0	5	1	0	0	0	0	1	0	15	8	0	4	0.48
1	10	0	2	1	0	0	7	0	40	8	8	8	0.38
0	7	0	0	13	6	0	22	0	105	128	26	23	0.58
0	3	1	4	0	0	0	0	0	3	2	1	2	0.23
1	10	0	3	1	0	0	5	0	46	11	11	11	0.38
0	7	0	0	13	6	0	22	0	83	122	25	22	0.54
1	10	0	4	1	0	0	8	0	43	9	9	9	0.39
1	4	7	0	0	0	0	0	0	40	48	48	48	0.27
1	2	0	0	0	0	0	0	0	29	38	0	19	0.28
0	7	0	0	13	6	0	21	0	98	128	26	23	0.56
1	4	0	0	0	0	0	0	0	26	13	19	19	0.44
1	3	0	0	0	0	0	0	0	114	62	80	80	0.5
1	2	0	0	0	0	0	0	0	29	36	0	18	0.29
1	4	0	0	11	0	0	0	0	37	11	11	11	0.67
1	3	0	0	0	0	0	0	0	81	64	0	32	0.56
1	10	0	3	1	0	0	5	0	36	6	6	6	0.36
0	11	6	8	0	0	0	6	0	16	12	0	8	0.42
0	5	0	0	0	0	0	0	1	36	1	0	1	0.47
1	4	0	0	0	0	0	0	0	75	51	62	62	0.52
1	6	2	0	1	0	0	2	0	46	18	0	5	0.48
1	10	0	3	1	0	0	5	0	38	8	8	8	0.38
0	7	0	0	7	0	0	0	0	11	3	0	1	0.4
0	6	0	0	13	6	0	21	0	118	122	25	22	0.52
0	5	0	0	0	0	0	1	0	7	4	0	2	0.26
1	4	7	0	0	0	0	0	0	39	46	46	46	0.27
1	4	0	0	0	0	0	1	0	52	73	0	37	0.2
1	3	0	0	0	0	0	0	0	29	18	18	18	0.44
0	3	3	1	0	0	0	0	0	7	6	1	4	0.25
1	10	0	4	1	0	0	9	0	40	8	8	8	0.37
1	10	0	3	1	0	0	5	0	29	4	4	4	0.33
0	6	0	0	4	3	0	1	0	25	1	0	1	0.29
0	7	1	1	0	0	0	1	0	2	1	0	1	0.22
1	3	0	0	0	0	0	0	0	70	62	0	31	0.62
1	4	0	0	8	0	0	0	0	21	8	8	8	0.61
0	3	1	0	0	0	0	0	0	3	2	1	2	0.21
1	10	0	3	1	0	0	5	0	41	8	8	8	0.38
0	3	2	0	0	0	0	0	0	7	4	1	3	0.15
1	4	0	0	9	0	0	0	0	21	9	9	9	0.55
1	2	0	0	0	0	0	0	0	28	38	0	19	0.27
0	7	1	0	10	0	0	2	0	26	4	4	2	0.42
0	3	4	0	0	0	0	0	0	23	8	1	5	0.23
1	4	0	0	9	0	0	0	0	27	9	9	9	0.62
0	3	0	0	2	0	0	0	0	3	1	1	2	0.37
1	10	0	3	1	0	0	5	0	39	6	6	6	0.4
1	10	0	2	1	0	0	6	0	34	8	8	8	0.34
0	6	0	3	9	3	0	6	6	96	3	3	2	0.46
0	5	0	0	4	0	27	27	0	38	7	0	1	0.58
1	6	0	3	1	0	0	4	0	31	7	7	7	0.39
0	7	0	0	9	4	0	15	0	77	86	24	23	0.55
1	6	2	0	1	0	0	2	0	58	42	0	11	0.52
1	3	0	0	0	0	0	0	0	26	69	0	35	0.13
0	5	0	3	6	3	0	0	6	9	3	3	2	0.11
1	6	0	3	1	0	0	4	0	40	8	8	8	0.45
1	6	0	3	1	0	0	5	0	37	7	7	7	0.44
0	6	2	0	3	0	0	2	0	22	2	1	3	0.48
0	3	0	0	0	0	0	0	0	9	4	4	4	0.42
1	10	10	0	2	0	9	9	1	51	1	0	1	0.34
0	7	0	0	13	6	0	19	0	91	128	26	23	0.54
0	5	15	60	0	0	0	0	0	142	5	0	1	0.42
1	6	0	2	1	0	0	6	0	32	7	7	7	0.43
0	7	0	0	13	6	0	19	0	90	128	26	23	0.53
0	7	0	0	9	4	0	14	0	79	86	24	23	0.55
1	4	0	0	10	0	0	0	0	23	10	10	10	0.57
1	4	0	0	0	0	0	1	0	50	79	0	40	0.2
0	10	1	0	5	3	0	0	0	11	4	0	2	0.36
1	4	0	0	0	0	0	1	0	15	49	0	25	0.13
1	10	0	2	1	0	0	6	0	35	6	6	6	0.37
0	6	0	0	13	6	0	23	0	57	152	30	27	0.27
1	6	0	3	1	0	0	7	0	38	8	8	8	0.45
1	4	0	0	10	0	0	0	0	71	10	10	10	0.55
0	6	0	0	14	6	0	22	0	73	152	30	27	0.31
1	6	0	1	1	0	0	1	0	25	7	7	7	0.35
1	6	2	0	1	0	0	2	0	33	6	0	2	0.48
0	7	0	0	11	5	0	17	0	83	102	24	22	0.52
1	4	0	0	9	0	0	0	0	23	9	9	9	0.65
0	3	4	11	0	0	0	0	0	8	8	1	5	0.24
1	6	0	2	1	0	0	6	0	39	8	8	8	0.43
1	4	0	0	0	0	0	1	0	43	79	0	40	0.18
0	5	0	0	10	0	0	1	0	18	4	4	2	0.36
0	19	6	1	31	30	0	0	0	77	48	0	32	0.49
0	6	0	0	12	4	0	8	11	105	4	4	2	0.38
0	5	0	3	6	3	0	0	6	32	3	3	2	0.43
1	3	0	0	0	0	0	0	0	48	54	0	27	0.66
1	6	3	0	2	0	0	1	0	36	2	2	2	0.54
1	3	0	0	0	0	0	0	0	15	16	0	5	0.51
1	6	0	3	1	0	0	7	0	41	7	7	7	0.42
1	10	0	3	1	0	0	6	0	51	9	9	9	0.43
0	7	0	0	13	6	0	22	0	85	128	26	23	0.57
0	5	0	3	6	3	0	0	6	12	3	3	2	0.14
0	5	0	3	6	3	0	0	7	46	3	3	2	0.53
1	2	0	8	0	0	7	0	0	14	0	0	0	0.34
1	6	2	0	1	0	0	2	0	46	20	0	5	0.52
0	5	1	0	0	0	0	1	0	10	4	0	2	0.47
0	6	0	0	10	0	0	0	0	12	2	0	1	0.08
0	7	1	0	0	1	0	0	0	5	2	0	2	0.41
0	4	2	0	0	0	0	0	24	12	16	4	5	0.36
1	10	0	3	1	0	0	7	0	43	9	9	9	0.39
1	6	0	3	1	0	0	4	0	38	7	7	7	0.44
0	6	1	2	0	1	0	0	0	5	1	0	1	0.62
0	7	0	0	13	6	0	21	0	104	128	26	23	0.54
1	10	0	3	1	0	0	5	0	35	6	6	6	0.35
0	3	10	0	0	0	0	0	0	14	20	1	11	0.23
0	3	0	0	0	0	0	0	0	8	4	4	4	0.38
0	7	0	0	11	5	0	17	0	86	72	18	16	0.5
1	10	11	0	3	0	9	9	1	57	1	0	1	0.36
1	6	0	2	1	0	0	5	0	35	8	8	8	0.42
1	10	0	3	1	0	0	5	0	35	8	8	8	0.35
0	6	0	0	4	3	0	1	0	19	1	0	1	0.24
1	4	0	0	0	0	6	0	0	100	55	55	55	0.57
1	6	0	3	1	0	0	7	0	36	8	8	8	0.4
1	3	0	0	0	0	0	0	0	16	14	0	4	0.64
0	7	1	0	10	0	0	2	0	29	4	4	2	0.43
0	7	0	0	13	6	0	22	0	99	128	26	23	0.57
1	1	0	11	0	0	10	0	0	31	0	0	0	0.55
1	6	0	1	1	0	0	1	0	24	5	5	5	0.36
1	6	0	1	1	0	0	1	0	32	8	8	8	0.4
0	6	0	0	0	0	0	1	0	16	8	0	4	0.47
0	4	2	0	0	0	0	0	24	14	16	4	5	0.42
0	7	0	0	4	1	0	1	0	10	3	3	2	0.52
1	4	0	0	0	0	12	0	0	108	51	51	51	0.58
1	4	0	0	19	0	0	0	0	45	19	19	19	0.56
1	4	0	0	0	0	0	1	0	31	69	0	35	0.18
0	6	0	0	13	6	0	22	0	100	134	27	24	0.57
1	4	0	0	7	0	0	0	0	22	7	7	7	0.62
1	8	0	0	0	0	1	8	0	17	10	0	5	0.48
0	3	3	0	0	0	0	0	0	8	6	1	4	0.15
0	7	0	0	13	6	0	21	0	103	128	26	23	0.6
0	7	0	0	13	6	0	20	0	103	128	26	23	0.52
1	6	2	0	1	0	0	2	0	37	10	0	3	0.47
0	7	0	0	13	6	0	20	0	99	128	26	23	0.57
0	4	4	0	0	0	0	0	0	23	4	4	4	0.42
0	5	0	0	12	0	0	1	0	22	5	5	2	0.43
1	4	0	0	9	0	0	0	0	19	9	9	9	0.51
0	7	0	0	0	1	0	0	0	16	3	0	3	0.34
1	10	0	3	1	0	0	6	0	47	12	12	12	0.38
1	3	0	0	0	0	0	0	0	20	20	0	6	0.62
0	14	1	0	5	5	0	0	0	11	7	0	5	0.35
0	5	1	5	0	0	0	0	1	29	1	0	1	0.37
0	6	0	3	6	3	0	0	8	68	3	3	2	0.51
0	7	1	0	0	1	0	0	0	3	2	0	2	0.27
0	3	23	0	0	0	0	0	0	38	46	1	24	0.32
1	6	2	0	1	0	0	2	0	52	30	0	8	0.5
1	6	2	0	1	0	0	2	0	61	22	0	6	0.52
1	4	0	0	10	0	0	0	0	22	10	10	10	0.57
0	3	4	0	0	0	0	0	0	7	8	1	5	0.17
1	10	0	3	1	0	0	6	0	43	8	8	8	0.4
1	10	0	3	1	0	0	5	0	38	6	6	6	0.39
0	7	0	0	7	0	0	0	0	13	3	0	1	0.48
0	7	0	0	14	6	0	20	0	100	128	26	23	0.53
1	6	3	0	2	0	0	1	0	31	2	2	2	0.5
1	6	2	0	1	0	0	2	0	61	28	0	7	0.48
0	5	4	10	0	1	0	0	1	29	2	0	1	0.36
1	1	0	11	0	0	10	0	0	24	0	0	0	0.48
1	3	0	0	0	0	0	0	0	49	42	0	21	0.63
0	7	0	0	9	4	0	13	0	86	86	24	23	0.58
0	11	1	0	21	0	0	4	1	24	3	0	3	0.46
1	3	0	0	0	0	0	0	0	37	26	0	13	0.62
1	1	0	11	0	0	10	0	0	30	0	0	0	0.54
0	3	18	0	0	0	0	0	0	32	36	1	19	0.34
0	7	0	0	11	5	0	15	0	74	72	18	16	0.49
1	6	2	0	1	0	0	2	0	59	32	0	8	0.51
1	6	2	0	1	0	0	2	0	74	44	0	11	0.56
0	7	0	0	13	6	0	19	0	95	128	26	23	0.52
1	6	0	3	1	0	0	6	0	33	5	5	5	0.44
1	6	2	0	1	0	0	2	0	49	24	0	6	0.52
1	6	0	3	1	0	0	10	0	37	8	8	8	0.42
1	6	0	3	1	0	0	4	0	33	8	8	8	0.37
1	4	0	0	0	0	0	1	0	49	67	0	34	0.2
0	5	0	3	6	3	0	0	6	17	3	3	2	0.17
0	7	0	0	9	4	0	13	0	71	86	24	23	0.53
0	7	0	0	14	6	0	21	0	94	128	26	23	0.53
0	3	1	4	0	0	0	0	0	4	2	1	2	0.23
0	3	15	0	0	0	0	0	0	15	30	1	16	0.15
0	6	0	0	10	0	0	3	0	2	15	0	5	0.22
1	3	0	0	0	0	0	0	0	27	17	17	17	0.43
0	14	2	0	5	5	0	0	0	19	7	0	5	0.38
0	10	2	0	5	3	0	0	0	13	4	0	2	0.26
0	7	2	0	16	0	0	3	0	29	8	4	3	0.43
0	7	0	0	13	6	0	20	0	94	128	26	23	0.56
1	6	0	1	1	0	0	1	0	20	3	3	3	0.36
0	6	2	0	3	0	0	2	0	42	2	1	3	0.39
0	7	0	0	13	6	0	22	0	103	128	26	23	0.55
1	6	0	3	1	0	0	7	0	27	4	4	4	0.39
1	6	3	0	2	0	0	1	0	27	2	2	2	0.48
1	10	0	2	1	0	0	4	0	31	7	7	7	0.34
1	6	2	0	1	0	0	2	0	65	22	0	6	0.5
1	10	0	3	1	0	0	7	0	35	5	5	5	0.38
1	4	0	0	0	0	0	1	0	35	73	0	37	0.16
0	7	1	2	0	0	0	1	0	3	1	0	1	0.33
0	3	4	13	0	0	0	0	0	10	8	1	5	0.27
1	3	0	0	0	0	0	0	0	19	18	0	5	0.65
0	7	0	0	13	6	0	21	0	88	128	26	23	0.58
0	7	0	0	13	6	0	20	0	87	128	26	23	0.52
1	3	0	0	0	0	0	0	0	102	102	0	51	0.59
0	6	0	0	11	5	0	17	0	67	127	29	27	0.29
0	6	0	0	13	6	0	21	0	58	80	18	15	0.6
0	4	3	10	0	1	0	0	0	24	2	0	1	0.43
0	7	1	1	0	0	0	1	0	4	1	0	1	0.57
0	7	1	0	0	1	0	0	0	4	2	0	2	0.3
1	6	0	1	1	0	0	1	0	27	8	8	8	0.35
1	2	0	7	0	0	6	0	0	18	0	0	0	0.43
1	6	2	0	1	0	0	2	0	51	26	0	7	0.52
1	3	0	0	0	0	0	0	0	17	32	0	16	0.29
0	7	0	0	13	6	0	17	0	100	128	26	23	0.52
0	6	15	11	80	7	0	5	0	66	90	6	16	0.37
0	4	0	0	1	1	0	0	0	5	3	0	1	0.71
0	7	0	0	9	4	0	12	0	93	86	24	23	0.62
0	6	2	0	3	0	0	2	0	114	2	1	3	0.38
0	6	0	0	14	6	0	24	0	50	68	16	13	0.52
1	4	7	0	0	0	0	0	0	43	55	55	55	0.24
0	6	2	0	3	0	0	2	0	85	2	1	3	0.5
1	3	0	0	0	0	0	0	0	65	62	0	31	0.71
1	6	2	0	1	0	0	2	0	55	32	0	8	0.47
0	6	0	0	13	6	0	21	0	65	80	18	15	0.53
0	7	0	0	13	6	0	22	0	86	128	26	23	0.58
0	6	1	0	2	0	0	1	0	11	1	1	2	0.52
1	10	0	2	1	0	0	5	0	27	4	4	4	0.33
0	7	1	0	0	1	0	0	0	1	2	0	2	0.16
1	6	2	0	1	0	0	2	0	57	26	0	7	0.57
1	6	2	0	1	0	0	2	0	55	30	0	8	0.51
0	6	2	0	3	0	0	2	0	28	2	1	3	0.51
0	6	0	0	11	5	0	18	0	81	67	17	15	0.53
0	5	2	2	1	1	0	0	2	56	2	0	1	0.43
1	4	0	0	6	0	0	0	0	10	6	6	6	0.41
1	6	0	3	1	0	0	5	0	38	9	9	9	0.41
1	4	0	0	0	0	0	1	0	26	69	0	35	0.13
1	10	0	3	1	0	0	6	0	39	8	8	8	0.37
1	10	0	3	1	0	0	6	0	38	8	8	8	0.36
0	3	0	0	4	0	0	0	0	11	2	2	2	0.73
0	5	0	0	4	0	26	26	0	38	7	0	1	0.59
0	6	0	0	14	6	0	22	0	69	80	18	15	0.52
0	3	14	0	0	0	0	0	0	18	28	1	15	0.14
0	4	0	0	0	0	0	0	0	9	0	12	12	0.39
1	10	0	3	1	0	0	7	0	43	8	8	8	0.39
1	4	0	0	0	0	0	1	0	39	61	0	31	0.17
1	4	0	0	0	0	0	1	0	44	75	0	38	0.22
0	7	0	0	14	6	0	22	0	100	128	26	23	0.59
1	4	0	0	0	0	0	1	0	45	71	0	36	0.18
1	4	0	0	9	0	0	0	0	26	9	9	9	0.65
0	5	0	0	15	1	0	1	0	15	15	3	6	0.44
0	4	2	0	0	0	0	0	32	16	24	4	7	0.37
1	6	0	3	1	0	0	4	0	39	9	9	9	0.44
1	6	2	0	1	0	0	2	0	49	28	0	7	0.51
0	3	14	0	0	0	0	0	0	12	28	1	15	0.15
0	3	4	4	0	0	0	0	0	2	8	1	5	0.06
0	5	0	0	0	0	4	0	0	26	12	12	12	0.47
1	10	0	2	1	0	0	6	0	32	5	5	5	0.35
1	4	0	0	11	0	0	0	0	28	11	11	11	0.56
0	5	0	21	0	0	0	11	0	20	23	0	3	0.26
1	6	0	3	1	0	0	4	0	36	9	9	9	0.39
0	7	0	0	14	6	0	20	0	95	128	26	23	0.53
0	3	4	0	0	0	0	0	0	9	8	1	5	0.14
0	11	0	3	0	3	0	0	1	16	6	0	4	0.38
1	6	0	1	1	0	0	1	0	27	6	6	6	0.39
1	4	0	0	11	0	0	0	0	34	11	11	11	0.62
1	7	0	0	1	0	7	1	0	42	6	0	3	0.43
1	10	0	3	1	0	0	6	0	36	7	7	7	0.36
0	6	0	0	11	5	0	19	0	71	62	16	14	0.56
0	6	0	0	9	4	0	12	0	82	82	23	22	0.59
0	3	21	0	0	0	0	0	0	37	42	1	22	0.34
1	6	0	2	1	0	0	6	0	33	6	6	6	0.42
1	1	0	9	0	0	8	0	0	14	0	0	0	0.34
1	4	0	0	0	0	6	0	0	99	54	54	54	0.58
1	4	0	0	9	0	0	0	0	28	9	9	9	0.62
0	6	56	56	0	0	0	3	56	34	52	4	14	0.42
0	7	0	0	0	1	0	0	1	16	3	0	3	0.38
0	10	1	0	5	3	0	0	0	14	4	0	2	0.42
1	6	1	0	0	0	0	0	0	13	6	0	3	0.39
0	3	0	0	0	0	0	0	0	15	5	4	6	0.57
1	6	2	0	1	0	0	2	0	59	24	0	6	0.5
0	5	0	0	0	0	0	1	0	8	4	0	2	0.3
1	4	0	0	10	0	0	0	0	29	10	10	10	0.65
1	6	3	0	2	0	0	1	0	62	2	2	2	0.47
1	6	2	0	1	0	0	2	0	51	24	0	6	0.53
0	6	0	0	12	0	0	0	0	17	2	0	1	0.07
1	10	0	4	1	0	0	9	0	40	9	9	9	0.36
1	10	0	3	1	0	0	5	0	33	6	6	6	0.35
1	2	0	0	0	0	0	0	0	27	32	0	16	0.29
0	3	7	0	0	0	0	0	0	12	14	1	8	0.21
1	10	0	3	1	0	0	7	0	42	9	9	9	0.38
1	3	0	0	0	0	0	0	0	23	46	0	23	0.28
0	6	0	0	12	4	0	8	8	105	4	4	2	0.4
0	3	0	0	0	0	0	0	0	8	5	5	5	0.53
1	10	0	2	1	0	0	3	0	36	8	8	8	0.36
1	6	2	0	1	0	0	2	0	40	18	0	5	0.45
1	6	0	3	1	0	0	4	0	29	4	4	4	0.42
1	4	0	0	0	0	8	0	0	103	53	53	53	0.58
1	6	0	3	1	0	0	4	0	28	4	4	4	0.41
1	10	10	0	2	0	9	9	1	53	1	0	1	0.35
0	3	4	0	0	0	0	0	0	14	8	1	5	0.17
1	4	0	0	0	0	9	0	0	99	49	49	49	0.56
0	7	0	0	13	6	0	21	0	102	128	26	23	0.5
1	6	0	1	1	0	0	2	0	24	4	4	4	0.39
0	3	4	0	0	0	0	0	0	13	8	1	5	0.2
0	6	1	0	2	0	0	1	0	12	1	1	2	0.57
0	5	0	0	0	0	6	0	0	31	12	12	12	0.44
1	6	0	3	1	0	0	4	0	32	8	8	8	0.39
0	6	0	0	14	6	0	23	0	73	80	18	15	0.52
1	10	0	3	1	0	0	6	0	45	10	10	10	0.39
0	3	23	0	0	0	0	0	0	39	46	1	24	0.32
1	6	2	0	1	0	0	2	0	58	26	0	7	0.52
1	4	0	2	0	0	0	0	0	105	54	69	69	0.54
1	6	0	1	1	0	0	1	0	31	7	7	7	0.42
0	7	0	0	13	6	0	21	0	91	128	26	23	0.55
0	5	0	10	1	2	0	0	0	35	3	0	1	0.36
0	7	0	0	14	6	0	23	0	95	128	26	23	0.57
1	4	0	0	11	0	0	0	0	65	11	11	11	0.48
1	4	0	0	6	0	0	0	0	15	6	6	6	0.57
1	6	2	0	1	0	0	2	0	46	24	0	6	0.49
1	3	0	0	0	0	0	0	0	149	99	117	117	0.43
0	4	2	0	0	0	0	0	20	14	12	4	4	0.48
0	7	0	0	11	5	0	17	0	84	107	25	23	0.59
1	6	2	0	1	0	0	2	0	39	18	0	5	0.46
0	5	0	0	12	0	0	1	0	20	5	5	2	0.39
0	7	0	0	0	0	3	2	0	3	1	0	1	0.75
1	7	0	0	1	0	7	1	0	43	6	0	3	0.43
1	2	0	0	0	0	0	0	0	22	30	0	15	0.27
1	6	2	0	1	0	0	2	0	44	22	0	6	0.47
1	10	0	3	1	0	0	6	0	48	9	9	9	0.42
1	3	0	0	0	0	0	0	0	36	67	0	34	0.16
1	3	0	0	0	0	0	0	0	22	34	0	17	0.27
0	7	0	0	9	4	0	13	0	82	86	24	23	0.58
0	7	0	0	13	6	0	20	0	115	128	26	23	0.57
0	3	4	0	0	0	0	0	0	16	8	1	5	0.24
1	2	0	0	0	0	0	0	0	32	42	0	21	0.31
0	3	3	0	0	0	0	0	0	10	6	1	4	0.15
0	7	0	0	14	6	0	22	0	94	128	26	23	0.52
0	6	0	0	12	0	0	0	0	16	2	0	1	0.1
0	4	0	0	13	0	0	0	0	11	17	0	4	0.52
0	7	0	0	9	4	0	11	0	78	86	24	23	0.54
1	10	0	3	1	0	0	8	0	49	9	9	9	0.42
0	3	9	0	0	0	0	0	0	14	18	1	10	0.28
1	4	0	4	0	0	0	0	0	155	122	135	135	0.36
1	6	0	3	1	0	0	6	0	30	4	4	4	0.41
1	6	2	0	1	0	0	2	0	38	18	0	5	0.46
0	5	1	0	2	0	0	0	0	5	15	0	5	0.27
0	5	3	0	3	0	0	0	0	4	2	0	1	0.23
0	5	0	0	10	0	0	12	0	2	15	0	5	0.16
0	7	0	0	9	4	0	15	0	53	30	10	9	0.6
0	6	0	0	13	6	0	22	0	92	122	25	22	0.57
0	3	4	4	0	0	0	0	0	4	8	1	5	0.13
0	7	0	0	13	6	0	20	0	88	128	26	23	0.53
1	3	0	0	0	0	56	0	0	80	0	0	0	0.62
1	2	0	0	0	0	0	0	0	26	40	0	20	0.25
1	6	0	2	1	0	0	5	0	30	5	5	5	0.41
0	19	0	6	0	31	0	0	5	96	60	0	44	0.45
0	7	0	0	13	6	0	17	0	94	128	26	23	0.56
0	7	0	0	13	6	0	23	0	72	86	19	16	0.64
0	7	0	0	13	6	0	21	0	106	128	26	23	0.6
0	7	0	0	14	6	0	20	0	94	128	26	23	0.55
0	3	4	6	0	0	0	0	0	7	8	1	5	0.23
0	7	0	0	9	4	0	14	0	35	26	9	8	0.46
0	3	25	0	0	0	0	0	0	42	50	1	26	0.34
1	1	0	10	0	0	9	0	0	25	0	0	0	0.54
1	6	0	2	1	0	0	5	0	29	5	5	5	0.4
1	10	0	4	1	0	0	10	0	59	11	11	11	0.4
1	6	2	0	1	0	0	2	0	50	24	0	6	0.52
0	19	7	0	31	30	0	0	0	80	48	0	32	0.49
1	6	0	2	1	0	0	3	0	30	5	5	5	0.4
1	4	0	0	11	0	0	0	0	77	11	11	11	0.5
1	10	0	3	1	0	0	5	0	39	8	8	8	0.36
1	2	0	0	0	0	0	0	0	27	40	0	20	0.25
0	6	0	119	4	16	0	2	0	232	7	0	5	0.38
1	4	7	0	0	0	0	0	0	46	52	52	52	0.3
0	5	0	0	12	1	0	1	0	15	12	3	5	0.46
1	3	0	0	0	0	0	0	0	66	72	0	36	0.64
1	4	0	0	8	0	0	0	0	18	8	8	8	0.52
1	6	0	3	1	0	0	5	0	39	9	9	9	0.41
1	6	3	0	2	0	0	1	0	41	2	2	2	0.47
1	3	0	0	0	0	0	0	0	75	72	0	36	0.61
1	6	1	0	0	0	0	0	0	4	2	0	1	0.66
0	14	1	0	5	5	0	0	0	17	7	0	5	0.43
0	5	1	0	0	0	0	0	1	35	1	0	1	0.44
1	10	13	0	3	0	10	12	1	55	1	0	1	0.35
0	6	3	0	6	0	0	0	0	32	14	0	2	0.34
0	11	1	0	6	3	0	0	0	21	4	0	2	0.51
0	3	0	0	0	0	0	0	0	7	4	4	4	0.36
1	6	0	3	1	0	0	4	0	37	8	8	8	0.43
0	10	9	9	0	0	0	8	0	19	18	0	12	0.51
1	6	3	0	2	0	0	1	0	29	2	2	2	0.42
1	3	0	0	0	0	0	0	0	41	20	0	6	0.56
0	7	0	0	13	6	0	21	0	75	86	19	16	0.5
0	3	0	0	0	0	0	0	0	19	14	14	14	0.38
0	3	0	0	0	0	0	0	0	10	5	5	5	0.45
1	10	0	3	1	0	0	6	0	52	9	9	9	0.42
0	7	1	0	13	0	0	2	0	30	5	5	2	0.44
1	6	3	0	2	0	0	1	0	34	2	2	2	0.43
0	15	0	0	0	5	0	0	1	16	9	0	7	0.38
0	3	4	0	0	0	0	0	0	4	8	1	5	0.21
0	6	0	3	9	3	0	6	6	93	3	3	2	0.49
1	10	0	2	1	0	0	5	0	37	8	8	8	0.35
1	6	2	0	1	0	0	2	0	44	18	0	5	0.51
1	4	0	0	0	0	0	1	0	32	69	0	35	0.16
0	6	0	0	12	5	0	18	0	105	92	22	20	0.52
1	4	0	0	0	0	0	1	0	45	75	0	38	0.13
0	3	5	0	0	0	0	0	0	5	10	1	6	0.22
0	8	0	0	0	0	1	8	0	15	14	0	7	0.24
1	6	0	3	1	0	0	5	0	36	7	7	7	0.43
0	5	0	0	9	1	0	1	0	14	9	3	4	0.56
0	6	27	2	0	0	0	0	0	25	63	0	14	0.58
0	5	5	12	0	1	0	0	0	38	2	0	1	0.48
1	6	2	0	1	0	0	2	0	55	26	0	7	0.53
0	7	0	0	13	6	0	22	0	93	128	26	23	0.54
0	11	10	1	2	0	8	8	2	48	1	0	1	0.33
1	6	2	0	1	0	0	2	0	58	30	0	8	0.54
1	10	0	3	1	0	0	5	0	43	8	8	8	0.41
0	7	2	0	16	0	0	3	0	28	8	4	3	0.43
0	5	0	0	8	4	0	0	8	38	4	4	2	0.42
1	4	0	0	0	0	0	1	0	26	77	0	39	0.15
0	7	0	0	13	6	0	19	0	104	128	26	23	0.52
0	7	0	0	13	6	0	22	0	70	128	26	23	0.57
1	4	0	0	10	0	0	0	0	34	10	10	10	0.6
0	6	0	0	12	5	0	18	0	58	62	16	14	0.58
0	15	0	2	0	5	0	0	1	22	9	0	7	0.39
0	6	0	0	4	3	0	1	0	21	1	0	1	0.26
0	7	0	0	13	6	0	22	0	96	128	26	23	0.54
0	4	2	0	0	0	0	0	20	12	12	4	4	0.42
0	5	0	0	0	0	11	15	0	26	3	0	2	0.72
1	6	2	0	1	0	0	2	0	47	26	0	7	0.48
1	4	0	0	0	0	0	1	0	43	73	0	37	0.16
1	3	0	0	0	0	0	0	0	24	40	0	20	0.29
1	3	0	0	0	0	0	0	0	55	32	0	16	0.56
1	10	0	3	1	0	0	5	0	41	9	9	9	0.37
1	10	0	2	1	0	0	3	0	36	7	7	7	0.36
1	4	0	0	9	0	0	0	0	49	9	9	9	0.55
0	7	0	0	11	5	0	17	0	99	107	25	23	0.58
1	6	2	0	1	0	0	2	0	44	16	0	4	0.51
1	6	0	4	1	0	0	8	0	37	8	8	8	0.41
0	5	0	0	1	1	0	0	1	14	1	0	1	0.42
1	6	0	3	1	0	0	5	0	29	7	7	7	0.37
1	3	0	0	0	0	0	0	0	70	64	0	32	0.61
0	11	14	1	2	0	12	10	2	48	1	0	1	0.32
1	6	0	3	1	0	0	6	0	37	8	8	8	0.42
1	4	0	0	0	0	12	0	0	107	51	51	51	0.57
0	7	0	0	14	6	0	24	0	87	86	19	16	0.57
0	7	0	0	13	6	0	21	0	76	128	26	23	0.55
0	7	0	0	13	6	0	18	0	84	128	26	23	0.53
1	6	0	2	1	0	0	4	0	33	8	8	8	0.39
0	7	0	0	13	6	0	19	0	84	128	26	23	0.54
1	2	0	0	0	0	0	0	0	22	28	0	14	0.27
0	14	0	0	1	0	6	4	0	10	6	0	3	0.38
1	4	0	2	0	0	0	0	0	87	25	34	34	0.5
0	7	0	0	7	0	0	0	0	15	3	0	1	0.53
1	10	0	1	1	0	0	2	0	29	5	5	5	0.34
1	6	0	2	1	0	0	5	0	37	9	9	9	0.42
1	3	0	0	0	0	0	0	0	30	22	0	6	0.65
0	6	0	3	6	0	0	0	6	39	3	3	2	0.39
0	3	4	26	0	0	0	0	0	11	8	1	5	0.25
1	4	15	0	105	0	105	75	0	147	0	0	0	0.44
0	6	1	1	0	0	0	1	0	2	1	0	1	0.25
1	2	0	0	0	0	0	0	0	32	38	0	19	0.29
0	6	0	3	6	3	0	0	6	51	3	3	2	0.41
1	6	0	3	1	0	0	4	0	33	6	6	6	0.42
1	6	0	3	1	0	0	5	0	31	5	5	5	0.4
0	7	0	0	9	4	0	12	0	92	86	24	23	0.56
1	6	0	3	1	0	0	5	0	44	8	8	8	0.48
0	5	0	0	2	1	0	0	1	38	2	0	1	0.43
0	7	0	0	14	6	0	22	0	101	128	26	23	0.54
0	5	1	0	2	0	0	0	0	12	1	1	2	0.38
1	10	0	3	1	0	0	7	0	44	9	9	9	0.39
0	10	1	0	5	3	0	0	0	17	4	0	2	0.53
0	3	4	0	0	0	0	0	0	5	8	1	5	0.14
1	4	0	0	10	0	0	0	0	67	10	10	10	0.47
0	5	0	1	0	1	10	0	0	33	2	0	1	0.46
0	6	0	0	13	6	0	20	0	85	122	25	22	0.6
0	7	0	0	13	6	0	20	0	93	128	26	23	0.52
0	5	0	0	10	0	0	3	0	2	15	0	5	0.22
0	5	0	6	0	1	0	0	0	19	2	0	1	0.46
0	4	0	0	0	0	0	0	1	21	1	0	1	0.36
0	19	6	0	31	30	0	0	0	54	48	0	32	0.39
0	3	4	0	0	0	0	0	0	19	8	1	5	0.18
0	3	1	0	0	0	0	0	0	2	2	1	2	0.33
1	4	0	0	0	0	15	0	0	86	39	39	39	0.64
0	3	10	0	0	0	0	0	0	16	20	1	11	0.26
0	7	0	0	11	5	0	16	0	88	107	25	23	0.55
0	3	1	0	0	0	0	0	0	1	2	1	2	0.11
0	7	0	0	9	4	0	14	0	69	86	24	23	0.56
0	5	4	10	0	1	0	0	0	24	2	0	1	0.34
0	10	0	0	0	0	6	3	0	10	5	0	2	0.38
1	3	0	0	0	0	0	0	0	17	36	0	18	0.25
1	8	0	0	0	0	1	8	0	19	10	0	5	0.59
0	4	5	5	0	5	0	0	4	129	10	0	5	0.42
1	10	0	1	1	0	0	2	0	21	3	3	3	0.28
0	7	0	0	9	4	0	12	0	31	34	11	10	0.48
1	6	0	3	1	0	0	4	0	41	8	8	8	0.47
0	3	25	0	0	0	0	0	0	43	50	1	26	0.34
1	10	0	5	1	0	0	13	0	53	9	9	9	0.42
1	3	0	0	0	0	0	0	0	46	30	0	8	0.69
1	4	0	0	0	0	0	1	0	24	69	0	35	0.12
0	3	4	17	0	0	0	0	0	15	8	1	5	0.25
1	10	0	3	1	0	0	5	0	38	9	9	9	0.36
0	3	21	0	0	0	0	0	0	35	42	1	22	0.31
1	3	0	0	0	0	0	0	0	99	72	0	36	0.55
0	3	2	0	0	0	0	0	0	3	4	1	3	0.16
0	5	2	5	0	0	0	0	0	21	12	0	8	0.61
0	7	0	0	13	6	0	20	0	96	128	26	23	0.51
1	10	0	3	1	0	0	5	0	37	7	7	7	0.38
1	6	0	3	1	0	0	5	0	36	6	6	6	0.45
0	10	9	9	0	0	0	9	0	20	18	0	12	0.45
0	10	1	0	5	3	0	0	0	13	4	0	2	0.61
1	10	0	3	1	0	0	6	0	47	9	9	9	0.42
0	6	0	0	13	6	0	21	0	88	122	25	22	0.55
1	6	0	3	1	0	0	6	0	32	5	5	5	0.41
0	6	0	0	10	0	0	12	0	1	15	0	5	0.09
1	10	0	3	1	0	0	5	0	45	9	9	9	0.39
0	7	0	0	6	1	0	1	0	12	4	2	3	0.57
1	5	0	0	0	0	0	0	0	4	2	0	1	0.66
1	1	0	11	0	0	10	0	0	29	0	0	0	0.49
1	6	3	0	2	0	0	1	0	37	2	2	2	0.46
0	3	0	0	2	0	0	0	0	5	1	1	2	0.55
0	14	1	0	5	5	0	0	0	6	7	0	5	0.27
1	3	0	0	0	0	0	0	0	14	14	0	4	0.58
0	6	0	3	9	3	0	6	6	56	3	3	2	0.52
1	3	0	0	0	0	0	0	0	17	16	0	5	0.65
1	10	0	3	1	0	0	6	0	44	9	9	9	0.4
0	6	0	0	13	6	0	22	0	106	116	24	21	0.51
0	7	0	0	9	4	0	13	0	84	86	24	23	0.57
0	6	0	0	10	0	0	15	0	1	15	0	5	0.11
0	7	0	0	13	6	0	22	0	88	128	26	23	0.52
1	4	0	0	0	0	0	1	0	56	79	0	40	0.13
0	6	1	1	0	0	0	1	0	3	1	0	1	0.37
1	10	0	3	1	0	0	6	0	41	9	9	9	0.37
0	6	0	0	13	6	0	21	0	112	116	24	21	0.54
1	6	2	0	1	0	0	2	0	43	22	0	6	0.47
0	6	0	0	8	4	0	0	8	83	4	4	2	0.46
0	5	0	0	10	0	0	15	0	2	15	0	5	0.22
0	7	0	0	14	6	0	23	0	105	128	26	23	0.55
1	4	7	0	0	0	0	0	0	21	40	40	40	0.2
0	7	0	0	13	6	0	19	0	80	86	19	16	0.52
1	4	0	0	0	0	14	0	0	82	37	37	37	0.64
1	6	2	0	1	0	0	2	0	30	3	0	1	0.46
0	7	0	0	9	4	0	13	0	85	86	24	23	0.54
0	3	4	0	0	0	0	0	0	10	8	1	5	0.14
0	5	0	6	0	1	0	0	0	14	2	0	1	0.3
1	6	0	1	1	0	0	2	0	32	8	8	8	0.4
1	5	0	0	0	0	0	0	0	3	2	0	1	0.75
0	11	11	0	2	0	9	15	2	56	1	0	1	0.37
0	6	3	0	6	0	0	0	0	44	14	0	2	0.47
1	6	0	3	1	0	0	6	0	33	7	7	7	0.42
1	3	0	0	0	0	0	0	0	30	34	0	17	0.65
1	10	0	3	1	0	0	5	0	37	8	8	8	0.36
0	5	0	0	11	0	0	1	0	20	5	5	2	0.37
1	6	0	4	1	0	0	15	0	34	5	5	5	0.43
1	6	0	3	1	0	0	6	0	41	9	9	9	0.43
0	6	1	1	0	0	0	1	0	5	1	0	1	0.62
1	10	0	3	1	0	0	6	0	32	4	4	4	0.35
0	5	0	0	4	0	18	18	0	25	7	0	1	0.59
0	4	1	2	0	0	0	0	0	2	1	0	1	0.28
0	6	0	0	10	0	0	9	0	1	15	0	5	0.09
0	5	0	0	8	0	0	0	8	83	4	4	2	0.42
0	6	0	0	14	6	0	20	0	75	80	18	15	0.5
1	4	0	0	0	0	0	1	0	39	69	0	35	0.16
0	7	0	0	11	5	0	18	0	87	107	25	23	0.55
0	15	0	1	0	6	0	0	1	24	9	0	7	0.51
0	6	0	0	14	6	0	24	0	49	68	16	13	0.51
0	6	0	0	13	6	0	22	0	96	122	25	22	0.58
0	3	0	0	4	0	0	0	0	9	2	2	2	0.52
0	3	2	0	0	0	0	0	0	10	4	1	3	0.2
1	3	0	0	0	0	0	0	0	1	5	0	3	0.16
1	10	0	3	1	0	0	5	0	43	10	10	10	0.38
0	7	0	0	13	6	0	22	0	75	86	19	16	0.52
0	7	0	0	13	6	0	19	0	74	86	19	16	0.48
1	4	0	0	0	0	0	1	0	44	77	0	39	0.19
0	19	0	0	93	0	411	272	0	26	45	0	15	0.14
1	10	0	1	1	0	0	3	0	26	4	4	4	0.32
0	6	0	0	10	0	0	15	0	2	15	0	5	0.18
1	6	0	3	1	0	0	5	0	32	5	5	5	0.42
0	5	0	0	0	0	3	0	0	22	12	12	12	0.47
1	6	0	3	1	0	0	4	0	35	8	8	8	0.42
1	10	0	3	1	0	0	7	0	37	5	5	5	0.38
0	5	0	0	10	0	0	1	0	16	4	4	2	0.34
0	3	4	0	0	0	0	0	0	17	8	1	5	0.22
1	6	0	1	1	0	0	1	0	26	5	5	5	0.4
1	6	0	2	1	0	0	5	0	28	5	5	5	0.41
0	7	1	0	13	0	0	2	0	27	5	5	2	0.42
0	3	24	0	0	0	0	0	0	38	48	1	25	0.29
1	6	0	1	1	0	0	1	0	23	5	5	5	0.37
1	3	0	0	0	0	0	0	0	19	14	0	4	0.7
1	3	0	0	0	0	0	0	0	42	38	0	19	0.64
1	6	0	3	1	0	0	4	0	32	5	5	5	0.42
0	7	0	0	13	6	0	22	0	91	128	26	23	0.53
1	6	2	0	1	0	0	2	0	49	22	0	6	0.52
1	6	0	1	1	0	0	1	0	20	5	5	5	0.34
1	4	0	0	0	0	5	0	0	92	50	50	50	0.57
1	4	0	0	0	0	0	1	0	36	75	0	38	0.15
0	3	4	0	0	0	0	0	0	3	8	1	5	0.14
0	8	0	0	7	0	0	0	0	3	4	0	1	0.18
1	6	0	4	1	0	0	12	0	35	7	7	7	0.43
0	6	0	0	12	4	0	8	9	129	4	4	2	0.42
0	7	1	0	0	1	0	0	0	9	2	0	2	0.42
0	3	4	0	0	0	0	0	0	12	8	1	5	0.16
0	7	0	3	9	3	0	6	9	76	3	3	2	0.41
1	3	0	0	0	0	53	0	0	74	0	0	0	0.61
0	7	1	4	6	1	0	2	0	12	1	0	1	0.63
0	7	0	0	13	6	0	21	0	82	128	26	23	0.58
0	6	2	0	3	0	0	2	0	30	2	1	3	0.4
1	6	0	3	1	0	0	6	0	37	6	6	6	0.45
1	6	0	3	1	0	0	4	0	34	6	6	6	0.43
0	7	0	0	0	1	0	0	1	27	3	0	3	0.42
0	7	0	0	14	6	0	22	0	81	86	19	16	0.52
1	10	0	3	1	0	0	10	0	43	9	9	9	0.39
0	6	0	0	13	6	0	21	0	99	116	24	21	0.53
1	4	0	0	0	0	0	1	0	37	73	0	37	0.2
0	6	0	0	13	6	0	22	0	109	116	24	21	0.54
0	5	2	2	3	2	0	0	3	60	2	0	1	0.43
0	7	0	0	9	4	0	12	0	36	26	9	8	0.58
0	6	0	0	14	6	0	23	0	98	134	27	24	0.54
0	6	12	12	0	0	0	7	12	18	9	3	4	0.31
0	4	2	0	0	0	0	0	24	15	16	4	5	0.42
0	6	0	0	10	0	0	6	0	2	15	0	5	0.22
1	4	0	0	0	0	12	0	0	85	36	36	36	0.63
1	10	0	3	1	0	0	7	0	48	9	9	9	0.41
0	7	0	0	13	6	0	20	0	83	128	26	23	0.49
1	10	0	3	1	0	0	7	0	42	8	8	8	0.39
1	6	0	1	1	0	0	2	0	29	7	7	7	0.38
0	3	25	0	0	0	0	0	0	37	50	1	26	0.28
0	3	7	0	0	0	0	0	0	9	14	1	8	0.2
1	6	0	2	1	0	0	6	0	38	8	8	8	0.45
1	3	0	0	0	0	0	0	0	37	71	0	36	0.18
1	4	0	0	10	0	0	0	0	50	10	10	10	0.51
0	14	1	0	5	5	0	0	0	14	7	0	5	0.42
1	6	0	3	1	0	0	4	0	38	8	8	8	0.45
0	7	1	2	0	0	0	1	0	2	1	0	1	0.22
0	7	0	0	13	6	0	20	0	91	128	26	23	0.53
1	4	0	0	0	0	10	0	0	102	53	53	53	0.54
1	6	2	0	1	0	0	2	0	42	14	0	4	0.48
1	3	0	0	0	0	0	0	0	36	69	0	35	0.16
1	10	0	3	1	0	0	6	0	42	9	9	9	0.38
0	8	0	0	0	0	7	8	0	22	4	0	2	0.59
0	7	0	0	13	6	0	21	0	109	128	26	23	0.55
1	10	0	1	1	0	0	2	0	24	4	4	4	0.3
1	6	2	0	1	0	0	2	0	63	34	0	9	0.54
0	6	0	0	14	6	0	24	0	54	68	16	13	0.53
1	3	0	0	0	0	0	0	0	43	69	0	35	0.21
1	4	0	0	11	0	0	0	0	70	11	11	11	0.54
1	4	0	3	0	0	0	0	0	108	60	76	76	0.52
1	4	0	0	10	0	0	0	0	30	10	10	10	0.63
1	4	0	0	0	0	14	0	0	83	38	38	38	0.64
0	15	1	0	6	5	0	0	0	21	7	0	5	0.51
1	1	0	0	0	0	1	0	0	20	0	0	0	0.35
1	6	0	3	1	0	0	4	0	32	7	7	7	0.42
0	7	0	0	13	6	0	19	0	100	128	26	23	0.53
1	10	13	0	3	0	10	12	1	56	1	0	1	0.36
1	10	0	3	1	0	0	5	0	42	9	9	9	0.39
1	4	0	0	0	0	0	1	0	40	75	0	38	0.15
1	4	0	0	0	0	0	1	0	38	73	0	37	0.17
1	4	0	0	0	0	8	0	0	96	53	53	53	0.56
0	5	0	0	8	0	0	0	8	80	4	4	2	0.43
1	4	0	0	0	0	0	1	0	41	69	0	35	0.17
1	3	0	0	0	0	0	0	0	24	22	0	6	0.7
1	3	0	0	0	0	0	0	0	42	30	0	15	0.61
1	4	0	0	0	0	0	0	0	69	21	31	31	0.52
1	10	0	2	1	0	0	6	0	34	7	7	7	0.35
1	2	0	0	0	0	0	0	0	25	28	0	14	0.3
1	6	0	3	1	0	0	4	0	34	7	7	7	0.42
0	4	0	0	0	0	0	0	0	23	1	0	1	0.45
1	4	0	0	11	0	0	0	0	31	11	11	11	0.6
0	7	0	0	13	6	0	21	0	86	128	26	23	0.55
1	6	0	3	1	0	0	6	0	36	5	5	5	0.45
1	10	12	0	3	0	9	9	1	62	1	0	1	0.38
1	3	0	0	0	0	0	0	0	38	34	0	17	0.71
1	10	0	3	1	0	0	6	0	33	7	7	7	0.34
0	7	16	50	0	0	0	0	3	158	5	0	1	0.46
0	7	0	0	13	6	0	20	0	89	128	26	23	0.58
0	7	0	0	14	6	0	21	0	113	128	26	23	0.52
1	6	0	3	1	0	0	7	0	41	8	8	8	0.42
0	5	1	0	0	0	0	1	0	12	8	0	4	0.38
0	11	7	1	2	0	4	6	2	38	1	0	1	0.33
1	6	2	0	1	0	0	2	0	53	24	0	6	0.49
0	7	0	0	13	6	0	19	0	86	128	26	23	0.54
1	10	0	3	1	0	0	5	0	44	8	8	8	0.41
0	7	0	0	11	5	0	16	0	100	107	25	23	0.54
0	7	0	0	14	6	0	23	0	84	86	19	16	0.53
1	10	11	0	3	0	9	9	1	53	1	0	1	0.36
0	4	0	0	1	0	0	2	0	1	2	0	1	0.04
1	3	0	0	0	0	0	0	0	60	54	0	27	0.64
0	5	0	0	0	1	10	0	0	33	2	0	1	0.46
1	6	0	2	1	0	0	7	0	39	8	8	8	0.44
1	6	2	0	1	0	0	2	0	32	12	0	3	0.43
0	3	24	0	0	0	0	0	0	39	48	1	25	0.31
0	7	1	3	6	1	0	1	0	10	1	0	1	0.66
1	4	0	0	0	0	0	0	1	56	42	0	21	0.6
1	6	3	0	2	0	0	1	0	26	2	2	2	0.47
1	6	0	1	1	0	0	1	0	29	6	6	6	0.41
0	6	0	3	9	3	0	6	6	41	3	3	2	0.37
0	5	0	0	0	4	0	8	0	24	40	20	12	0.26
0	4	0	1	2	0	0	0	0	7	1	1	2	0.58
0	7	0	0	9	4	0	14	0	77	82	23	22	0.62
0	5	0	6	1	2	0	0	0	31	3	0	1	0.45
0	6	0	0	10	4	0	16	0	71	50	15	14	0.57
0	7	0	0	13	6	0	19	0	92	128	26	23	0.55
1	3	0	0	0	0	45	0	0	67	0	0	0	0.59
1	6	0	3	1	0	0	7	0	37	8	8	8	0.42
1	10	0	3	1	0	0	5	0	40	7	7	7	0.38
1	4	0	0	0	0	6	0	0	93	54	54	54	0.56
1	10	0	3	1	0	0	5	0	34	5	5	5	0.36
0	7	0	0	9	4	0	13	0	34	26	9	8	0.55
1	6	0	2	1	0	0	5	0	30	7	7	7	0.4
0	6	0	3	9	3	0	6	6	54	3	3	2	0.46
1	4	0	9	0	0	0	0	0	107	61	84	84	0.49
0	7	0	0	13	6	0	21	0	95	128	26	23	0.51
0	5	0	0	0	0	9	0	0	29	12	12	12	0.58
1	4	0	0	7	0	0	0	0	15	7	7	7	0.53
1	6	3	0	2	0	0	1	0	28	2	2	2	0.47
0	3	1	3	0	0	0	0	0	3	2	1	2	0.25
1	10	0	3	1	0	0	5	0	34	7	7	7	0.35
1	3	0	0	0	0	0	0	0	43	30	0	8	0.7
0	11	0	0	0	3	0	0	1	16	6	0	4	0.38
0	6	0	0	10	0	0	12	0	5	15	0	5	0.41
1	10	0	3	1	0	0	6	0	31	4	4	4	0.35
1	6	3	0	2	0	0	1	0	35	2	2	2	0.46
1	10	0	3	1	0	0	7	0	45	8	8	8	0.4
1	6	0	3	1	0	0	4	0	36	8	8	8	0.4
0	5	0	0	9	1	0	1	0	13	9	3	4	0.46
0	6	0	0	10	0	0	15	0	4	15	0	5	0.33
0	7	1	0	0	1	0	0	0	8	2	0	2	0.42
1	1	0	6	0	0	5	0	0	10	0	0	0	0.41
0	7	0	2	0	1	0	0	1	22	3	0	3	0.39
0	5	1	2	0	1	0	0	1	35	2	0	2	0.41
0	6	0	3	6	1	0	0	12	87	3	3	2	0.43
0	7	0	0	14	6	0	22	0	106	128	26	23	0.58
0	6	0	0	10	0	0	12	0	4	15	0	5	0.36
0	7	0	0	14	6	0	23	0	89	86	19	16	0.57
0	4	2	0	0	0	0	0	32	18	24	4	7	0.41
0	7	0	0	15	1	0	1	0	15	10	2	6	0.46
0	3	3	0	0	0	0	0	0	3	6	1	4	0.11
0	3	13	0	0	0	0	0	0	19	26	1	14	0.16
0	5	21	20	0	0	0	0	0	49	60	0	20	0.5
1	6	0	2	1	0	0	5	0	32	6	6	6	0.42
0	4	2	0	0	0	0	0	32	17	24	4	7	0.41
0	8	0	1	7	0	0	1	0	5	6	0	1	0.26
0	7	0	0	9	4	0	15	0	78	86	24	23	0.58
1	3	0	0	0	0	0	0	0	25	24	0	7	0.64
0	5	0	8	0	2	0	0	0	27	4	0	2	0.4
1	10	0	5	1	0	0	14	0	55	9	9	9	0.44
0	7	1	3	6	1	0	1	0	9	1	0	1	0.64
0	7	0	0	11	5	0	18	0	99	107	25	23	0.59
1	10	0	2	1	0	0	6	0	38	8	8	8	0.36
1	6	2	0	1	0	0	2	0	38	16	0	4	0.44
0	6	0	3	9	3	0	6	6	55	3	3	2	0.44
0	11	0	0	5	1	0	2	0	18	7	0	2	0.31
0	10	0	0	0	0	6	3	0	11	5	0	2	0.4
1	6	0	2	1	0	0	5	0	33	6	6	6	0.43
1	6	0	2	1	0	0	3	0	31	5	5	5	0.41
1	6	2	0	1	0	0	2	0	52	18	0	5	0.53
0	6	0	0	13	6	0	21	0	94	116	24	21	0.51
1	4	0	0	0	0	0	0	0	17	8	11	11	0.6
0	5	1	0	0	0	0	1	0	13	8	0	4	0.41
1	1	0	7	0	0	6	0	0	14	0	0	0	0.34
1	3	0	0	0	0	0	0	0	16	34	0	17	0.27
1	3	0	0	0	0	0	0	0	19	22	0	6	0.59
1	3	0	0	0	0	0	0	0	40	26	0	7	0.68
0	7	0	0	9	4	0	14	0	92	86	24	23	0.58
1	6	2	0	1	0	0	2	0	39	16	0	4	0.45
1	4	0	0	8	0	0	0	0	19	8	8	8	0.76
0	7	0	0	13	6	0	22	0	101	128	26	23	0.55
0	7	2	0	16	0	0	3	0	31	8	4	3	0.45
0	6	0	3	9	3	0	6	12	71	3	3	2	0.52
1	5	0	0	0	0	0	0	0	11	6	0	3	0.36
1	4	0	0	0	0	2	0	0	61	30	30	30	0.64
1	3	0	0	0	0	0	0	0	21	22	0	6	0.67
0	6	0	0	14	6	0	22	0	61	152	30	27	0.29
0	4	2	0	0	0	0	0	32	12	24	4	7	0.33
1	4	0	0	0	0	0	0	0	60	25	36	36	0.52
1	6	0	2	1	0	0	7	0	34	6	6	6	0.43
1	10	0	3	1	0	0	5	0	41	7	7	7	0.39
0	6	0	0	13	6	0	23	0	97	116	24	21	0.56
1	8	0	0	0	0	1	8	0	16	10	0	5	0.47
0	6	2	0	3	0	0	2	0	38	2	1	3	0.4
0	7	0	0	13	6	0	22	0	90	128	26	23	0.52
1	3	0	0	0	0	0	0	0	36	24	0	12	0.63
1	10	0	3	1	0	0	6	0	44	8	8	8	0.41
1	10	0	2	1	0	0	6	0	29	4	4	4	0.34
0	6	0	0	13	6	0	21	0	104	116	24	21	0.54
0	7	0	0	14	6	0	20	0	103	128	26	23	0.57
1	10	0	3	1	0	0	7	0	48	11	11	11	0.39
0	6	0	0	13	6	0	21	0	65	152	30	27	0.29
1	10	0	4	1	0	0	9	0	46	9	9	9	0.4
1	4	0	1	0	0	0	0	0	53	14	20	20	0.6
0	10	1	0	5	3	0	0	0	22	4	0	2	0.53
0	5	0	0	10	0	0	3	0	1	15	0	5	0.11
1	10	0	3	1	0	0	5	0	36	8	8	8	0.34
1	3	0	0	0	0	0	0	0	41	26	0	13	0.74
1	4	0	0	7	0	0	0	0	21	7	7	7	0.58
0	7	0	0	13	6	0	21	0	89	128	26	23	0.52
1	6	0	1	1	0	0	1	0	20	4	4	4	0.35
0	7	1	0	7	1	0	5	0	12	4	0	1	0.54
0	3	1	1	0	0	0	0	0	2	2	1	2	0.25
1	6	0	3	1	0	0	6	0	40	8	8	8	0.43
1	4	0	0	0	0	0	0	28	39	28	0	14	0.46
0	14	0	0	1	0	6	4	0	11	6	0	3	0.4
1	10	0	2	1	0	0	6	0	39	9	9	9	0.37
1	10	0	3	1	0	0	5	0	39	7	7	7	0.38
1	6	2	0	1	0	0	2	0	55	28	0	7	0.47
1	2	0	0	0	0	0	0	0	22	32	0	16	0.25
1	10	0	3	1	0	0	5	0	37	6	6	6	0.37
1	3	0	0	0	0	0	0	0	17	30	0	15	0.32
0	7	0	0	11	5	0	17	0	91	107	25	23	0.56
0	3	26	0	0	0	0	0	0	38	52	1	27	0.29
1	6	0	2	1	0	0	7	0	33	5	5	5	0.42
1	6	2	0	1	0	0	2	0	56	30	0	8	0.53
0	5	0	0	0	0	0	0	0	10	8	0	4	0.43
1	10	0	2	1	0	0	7	0	38	8	8	8	0.38
0	6	0	0	10	0	0	12	0	2	15	0	5	0.18
1	3	0	0	0	0	0	0	0	14	30	0	15	0.26
1	6	0	1	1	0	0	2	0	31	7	7	7	0.4
0	5	0	0	6	1	0	1	0	12	6	3	3	0.46
0	11	1	0	6	3	0	0	0	19	4	0	2	0.4
1	4	0	0	0	0	0	1	0	29	67	0	34	0.16
0	7	0	0	13	6	0	20	0	73	86	19	16	0.46
0	7	0	0	13	6	0	20	0	90	128	26	23	0.49
0	6	0	0	12	0	0	0	0	13	2	0	1	0.17
1	4	0	0	0	0	2	0	0	65	31	31	31	0.67
1	10	0	3	1	0	0	5	0	40	9	9	9	0.37
1	4	0	7	0	0	0	0	0	147	116	132	132	0.38
1	6	0	2	1	0	0	5	0	36	8	8	8	0.42
0	5	0	0	8	4	0	0	8	57	4	4	2	0.53
1	6	2	0	1	0	0	2	0	37	16	0	4	0.47
0	6	2	0	3	0	0	2	0	27	2	1	3	0.49
0	7	1	0	0	1	0	0	0	2	2	0	2	0.22
0	4	0	0	0	0	0	0	0	4	5	5	5	0.36
0	7	0	0	9	4	0	10	0	89	86	24	23	0.58
1	10	0	2	1	0	0	6	0	42	9	9	9	0.38
1	6	3	0	2	0	0	1	0	50	2	2	2	0.46
0	6	0	5	0	1	0	0	5	48	2	0	1	0.47
1	3	0	0	0	0	0	0	0	60	24	0	7	0.56
0	7	0	0	13	6	0	22	0	100	128	26	23	0.56
1	4	0	0	0	0	0	0	0	67	32	44	44	0.56
1	10	0	3	1	0	0	5	0	33	5	5	5	0.36
0	3	5	0	0	0	0	0	0	3	10	1	6	0.11
0	5	0	0	8	4	0	0	8	66	4	4	2	0.48
0	6	0	0	3	0	0	1	0	5	4	0	1	0.71
0	7	0	0	13	6	0	18	0	102	128	26	23	0.53
0	3	14	0	0	0	0	0	0	14	28	1	15	0.16
1	2	0	0	0	0	0	0	0	23	32	0	16	0.27
1	6	0	1	1	0	0	2	0	33	8	8	8	0.4
0	6	0	3	6	3	0	0	15	112	3	3	2	0.42
0	5	0	0	10	0	0	15	0	3	15	0	5	0.33
1	6	0	3	1	0	0	5	0	40	9	9	9	0.43
0	8	0	0	0	0	7	7	0	5	4	0	2	0.11
1	4	0	0	11	0	0	0	0	72	11	11	11	0.57
0	7	0	0	0	0	3	2	0	2	1	0	1	0.66
1	3	0	0	0	0	49	0	0	80	0	0	0	0.66
1	4	0	0	10	0	0	0	0	27	10	10	10	0.61
1	6	2	0	1	0	0	2	0	61	24	0	6	0.57
1	6	2	0	1	0	0	2	0	58	24	0	6	0.5
0	7	0	0	13	6	0	21	0	97	128	26	23	0.53
1	6	2	0	1	0	0	2	0	42	18	0	5	0.48
1	3	0	0	0	0	0	0	0	24	24	0	7	0.63
1	6	2	0	1	0	0	2	0	56	28	0	7	0.49
0	5	1	0	1	0	0	1	0	2	1	0	1	0.28
0	3	6	0	0	0	0	0	0	12	12	1	7	0.27
1	6	2	0	1	0	0	2	0	55	22	0	6	0.52
0	4	3	29	0	0	0	0	0	89	68	4	18	0.41
0	7	0	0	11	5	0	16	0	74	102	24	22	0.51
1	6	0	3	1	0	0	5	0	33	6	6	6	0.41
0	3	0	0	2	0	0	0	0	67	1	1	2	0.42
1	4	0	0	11	0	0	0	0	23	11	11	11	0.53
1	6	0	3	1	0	0	5	0	29	4	4	4	0.41
1	3	0	0	0	0	0	0	0	23	20	0	6	0.54
1	4	0	0	0	0	0	1	0	41	75	0	38	0.15
0	8	0	0	14	6	0	24	0	65	86	19	16	0.49
1	2	0	0	0	0	0	0	0	25	34	0	17	0.27
1	3	0	0	0	0	0	0	0	62	46	0	23	0.6
1	3	0	0	0	0	0	0	0	32	28	0	8	0.66
0	5	0	4	0	4	0	8	0	5	8	0	1	0.71
1	4	0	0	10	0	0	0	0	69	10	10	10	0.57
0	4	2	0	0	0	0	0	24	13	16	4	5	0.41
0	5	4	3	0	4	0	0	8	113	8	0	4	0.46
0	3	10	0	0	0	0	0	0	13	20	1	11	0.2
0	5	0	0	8	4	0	0	8	27	4	4	2	0.25
1	6	2	0	1	0	0	2	0	54	26	0	7	0.52
0	5	0	0	8	4	0	0	8	24	4	4	2	0.15
0	4	2	0	0	0	0	0	32	13	24	4	7	0.34
1	6	0	3	1	0	0	5	0	28	6	6	6	0.39
0	7	0	0	13	6	0	20	0	74	128	26	23	0.51
1	6	0	1	1	0	0	2	0	31	8	8	8	0.38
0	3	12	0	0	0	0	0	0	15	24	1	13	0.15
1	4	7	0	0	0	0	0	0	46	53	53	53	0.3
1	6	0	3	1	0	0	4	0	40	9	9	9	0.43
0	7	0	0	13	6	0	21	0	93	128	26	23	0.58
0	6	0	0	15	6	0	23	0	95	134	27	24	0.54
1	6	0	1	1	0	0	2	0	30	7	7	7	0.4
1	10	0	3	1	0	0	6	0	37	6	6	6	0.37
1	6	0	1	1	0	0	2	0	25	6	6	6	0.37
1	4	0	0	10	0	0	0	0	42	10	10	10	0.53
1	4	0	0	4	0	0	0	0	7	4	4	4	0.31
0	7	0	0	9	4	0	14	0	87	86	24	23	0.54
0	7	0	0	9	4	0	13	0	79	86	24	23	0.6
0	3	0	0	0	0	0	0	0	4	1	1	1	0.66
1	6	0	3	1	0	0	6	0	41	8	8	8	0.46
1	10	10	0	2	0	9	9	1	54	1	0	1	0.35
0	6	0	0	10	0	0	0	0	14	2	0	1	0.15
1	4	0	0	0	0	0	1	0	39	73	0	37	0.17
1	10	0	3	1	0	0	5	0	35	5	5	5	0.38
1	2	0	0	0	0	0	0	0	29	40	0	20	0.29
1	1	0	10	0	0	9	0	0	24	0	0	0	0.43
0	7	0	0	13	6	0	21	0	80	86	19	16	0.51
0	7	0	0	9	4	0	11	0	77	86	24	23	0.58
1	10	0	2	1	0	0	6	0	29	5	5	5	0.34
0	5	0	1	0	1	9	0	0	23	2	0	1	0.47
1	10	0	3	1	0	0	6	0	40	8	8	8	0.38
0	3	23	0	0	0	0	0	0	36	46	1	24	0.29
1	6	0	1	1	0	0	1	0	19	3	3	3	0.34
1	3	0	0	0	0	0	0	0	15	28	0	14	0.27
1	4	7	0	0	0	0	0	0	46	49	49	49	0.3
0	7	86	80	0	0	0	9	80	29	72	8	10	0.36
0	5	0	0	2	2	0	0	9	6	4	0	1	0.28
0	5	0	0	10	0	0	0	0	1	15	0	5	0.12
0	6	0	0	10	0	0	0	0	10	2	0	1	0.2
1	6	0	1	1	0	0	2	0	28	7	7	7	0.37
0	6	0	3	6	3	0	0	6	68	3	3	2	0.53
0	3	24	0	0	0	0	0	0	31	48	1	25	0.31
1	10	11	0	3	0	9	9	1	54	1	0	1	0.34
1	10	0	3	1	0	0	7	0	47	9	9	9	0.41
0	7	0	0	9	4	0	13	0	70	74	21	20	0.59
1	6	0	3	1	0	0	7	0	40	7	7	7	0.4
1	3	0	0	0	0	0	0	0	128	78	97	97	0.44
1	10	0	3	1	0	0	8	0	29	4	4	4	0.34
1	6	0	3	1	0	0	4	0	37	9	9	9	0.41
1	3	0	0	0	0	0	0	0	20	22	0	6	0.6
1	3	0	0	0	0	0	0	0	141	94	0	47	0.38
0	6	0	0	4	3	0	1	0	18	1	0	1	0.22
0	6	0	3	6	3	0	0	7	44	3	3	2	0.46
0	7	0	0	9	4	0	13	0	76	86	24	23	0.53
0	6	0	0	13	6	0	21	0	62	80	18	15	0.51
1	10	0	3	1	0	0	6	0	43	9	9	9	0.38
0	6	0	0	10	0	0	9	0	4	15	0	5	0.36
0	7	0	0	13	6	0	21	0	59	98	21	18	0.5
0	7	0	0	13	6	0	18	0	96	128	26	23	0.55
0	8	0	0	7	0	0	2	0	7	4	0	1	0.38
1	4	0	0	10	0	0	0	0	81	10	10	10	0.57
1	5	0	0	0	0	0	0	0	9	6	0	3	0.28
1	10	0	3	1	0	0	6	0	40	7	7	7	0.39
1	4	0	0	11	0	0	0	0	58	11	11	11	0.58
0	6	0	80	0	0	0	40	0	72	83	0	11	0.44
1	4	0	0	9	0	0	0	0	24	9	9	9	0.64
1	10	0	3	1	0	0	5	0	32	6	6	6	0.35
1	4	0	0	0	0	0	1	0	64	77	0	39	0.14
1	1	0	11	0	0	10	0	0	26	0	0	0	0.54
1	3	0	0	0	0	0	0	0	23	22	0	6	0.63
1	6	2	0	1	0	0	2	0	48	22	0	6	0.51
0	6	0	0	13	6	0	22	0	120	122	25	22	0.52
0	7	0	0	13	6	0	21	0	85	128	26	23	0.56
0	6	0	0	14	6	0	23	0	102	134	27	24	0.53
0	6	1	0	4	0	0	1	0	15	2	2	2	0.45
0	3	0	0	4	0	0	0	0	8	2	2	2	0.47
0	4	2	0	0	0	0	0	32	15	24	4	7	0.38
1	10	0	2	1	0	0	6	0	28	4	4	4	0.32
1	3	0	0	0	0	0	0	0	41	77	0	39	0.16
0	3	0	0	0	0	0	0	0	11	2	2	2	0.34
0	5	1	0	0	0	0	1	0	14	8	0	4	0.46
1	2	0	0	0	0	0	0	0	30	38	0	19	0.28
1	4	7	0	0	0	0	0	0	37	45	45	45	0.27
0	7	0	0	14	6	0	19	0	94	128	26	23	0.54
0	5	0	0	0	0	7	0	0	35	12	12	12	0.46
1	4	0	0	10	0	0	0	0	24	10	10	10	0.61
1	6	2	0	1	0	0	2	0	39	14	0	4	0.49
0	7	2	0	16	0	0	3	0	27	8	4	3	0.43
1	10	9	0	2	0	8	9	1	49	1	0	1	0.33
0	9	0	0	12	0	0	2	0	6	3	0	1	0.37
1	10	0	3	1	0	0	5	0	43	9	9	9	0.39
0	6	2	0	3	0	0	2	0	65	2	1	3	0.4
0	5	0	0	0	0	8	0	0	38	12	12	12	0.5
1	3	0	0	0	0	0	0	0	54	46	0	23	0.52
1	6	0	2	1	0	0	3	0	27	7	7	7	0.36
1	10	0	2	1	0	0	4	0	31	6	6	6	0.34
0	4	0	0	0	0	0	0	0	2	1	0	1	0.66
1	10	0	3	1	0	0	6	0	37	7	7	7	0.38
1	10	0	3	1	0	0	8	0	45	9	9	9	0.39
0	7	1	0	10	0	0	2	0	25	4	4	2	0.42
0	6	0	3	9	3	0	6	6	99	3	3	2	0.5
0	7	0	0	9	4	0	15	0	26	22	8	7	0.54
0	7	0	0	13	6	0	19	0	97	128	26	23	0.55
1	6	0	2	1	0	0	5	0	31	7	7	7	0.43
0	6	0	0	14	6	0	23	0	86	134	27	24	0.52
1	6	0	3	1	0	0	5	0	41	9	9	9	0.44
1	3	0	0	0	0	0	0	0	84	66	0	33	0.58
0	7	0	0	9	4	0	13	0	81	86	24	23	0.55
1	4	0	0	11	0	0	0	0	76	11	11	11	0.5
0	7	0	0	13	6	0	21	0	99	128	26	23	0.5
0	6	0	0	13	6	0	22	0	91	122	25	22	0.55
1	3	0	0	0	0	0	0	0	46	73	0	37	0.21
1	6	0	1	1	0	0	1	0	30	7	7	7	0.41
0	4	1	0	0	1	0	0	0	23	2	0	1	0.41
0	7	0	0	14	6	0	24	0	77	86	19	16	0.53
1	10	0	4	1	0	0	11	0	43	8	8	8	0.38
1	3	0	0	0	0	0	0	0	142	88	107	107	0.43
0	7	9	30	0	0	0	0	3	93	5	0	1	0.42
0	6	0	3	6	0	0	0	6	57	3	3	2	0.39
1	3	0	0	0	0	0	0	0	37	24	0	12	0.64
0	6	0	0	12	4	0	8	9	100	4	4	2	0.43
1	6	0	2	1	0	0	5	0	31	5	5	5	0.42
0	3	0	0	0	0	0	0	0	11	5	5	5	0.47
1	10	11	0	3	0	9	9	1	58	1	0	1	0.35
1	10	0	3	1	0	0	8	0	39	8	8	8	0.36
1	10	0	2	1	0	0	7	0	39	8	8	8	0.37
1	10	0	3	1	0	0	6	0	54	12	12	12	0.38
1	10	0	2	1	0	0	5	0	31	5	5	5	0.34
0	6	0	0	14	6	0	23	0	67	80	18	15	0.53
0	7	28	42	0	7	0	0	35	262	1	0	1	0.37
1	3	0	0	0	0	0	0	0	21	20	0	5	0.65
1	10	0	3	1	0	0	8	0	44	9	9	9	0.39
0	3	13	0	0	0	0	0	0	15	26	1	14	0.17
0	8	0	5	0	2	0	0	0	23	2	0	2	0.45
0	3	0	0	0	0	0	1	0	7	1	0	1	0.77
0	3	0	0	0	0	0	0	0	10	4	4	4	0.71
1	6	2	0	1	0	0	2	0	48	26	0	7	0.5
1	3	0	0	0	0	0	0	0	86	60	0	30	0.65
1	10	0	5	1	0	0	14	0	52	9	9	9	0.41
1	4	0	0	7	0	0	0	0	20	7	7	7	0.64
0	7	0	0	11	5	0	16	0	89	107	25	23	0.58
0	7	1	0	10	0	0	2	0	24	4	4	2	0.4
0	6	0	0	8	4	0	0	11	83	4	4	2	0.41
0	6	0	0	12	4	0	8	10	123	4	4	2	0.39
0	11	1	0	6	3	0	0	0	17	4	0	2	0.51
1	10	0	3	1	0	0	5	0	47	9	9	9	0.41
0	7	2	0	19	0	0	3	0	32	10	5	3	0.46
0	3	2	0	0	0	0	0	0	9	4	1	3	0.2
0	6	0	0	13	6	0	20	0	66	152	30	27	0.29
0	5	1	0	5	0	0	2	0	4	2	0	2	0.33
1	3	0	0	0	0	0	0	0	24	20	0	6	0.66
1	3	0	0	0	0	0	0	0	44	24	0	7	0.69
0	3	4	0	0	0	0	0	0	2	8	1	5	0.1
1	10	11	0	3	0	9	9	1	56	1	0	1	0.35
0	5	0	0	0	0	5	0	0	32	12	12	12	0.47
0	6	0	0	10	0	0	15	0	3	15	0	5	0.33
0	4	2	0	0	0	0	0	24	11	16	4	5	0.35
1	4	0	0	0	0	0	1	0	33	69	0	35	0.17
1	1	0	8	0	0	7	0	0	14	0	0	0	0.45
0	6	0	0	13	6	0	23	0	99	116	24	21	0.53
0	7	1	0	0	1	0	0	0	6	2	0	2	0.42
1	10	0	3	1	0	0	7	0	43	10	10	10	0.38
1	3	0	0	0	0	0	0	0	29	30	0	8	0.63
0	7	0	0	13	6	0	22	0	82	86	19	16	0.53
0	6	0	0	13	6	0	21	0	87	122	25	22	0.52
1	10	0	3	1	0	0	8	0	48	9	9	9	0.41
1	3	0	0	0	0	0	0	0	124	96	0	48	0.38
0	6	2	0	3	0	0	2	0	39	2	1	3	0.44
0	7	0	0	13	6	0	17	0	72	86	19	16	0.51
1	4	0	0	8	0	0	0	0	20	8	8	8	0.62
0	7	1	4	6	1	0	2	0	13	1	0	1	0.68
0	4	0	22	0	6	0	0	0	37	12	0	3	0.38
1	10	0	3	1	0	0	6	0	35	8	8	8	0.35
0	11	0	2	0	3	0	0	1	22	6	0	4	0.39
0	5	0	0	10	0	0	1	0	15	4	4	2	0.31
0	7	0	0	12	5	0	17	0	73	67	17	15	0.51
0	7	3	6	0	3	0	2	0	9	3	0	3	0.47
1	4	0	0	10	0	0	0	0	25	10	10	10	0.64
0	7	0	0	13	6	0	20	0	83	110	23	20	0.57
1	4	0	0	0	0	0	1	0	46	69	0	35	0.21
1	6	0	2	1	0	0	5	0	27	4	4	4	0.4
1	6	0	3	1	0	0	10	0	33	5	5	5	0.42
0	5	2	0	2	0	0	0	0	2	2	0	1	0.08
0	8	0	0	0	0	1	8	0	14	14	0	7	0.22
1	6	2	0	1	0	0	2	0	47	28	0	7	0.48
1	4	7	0	0	0	0	0	0	43	47	47	47	0.3
0	6	0	3	1	1	0	0	2	35	2	0	1	0.47
0	7	0	0	13	6	0	22	0	89	128	26	23	0.52
0	10	1	0	5	3	0	0	0	15	4	0	2	0.39
0	6	0	0	10	0	0	0	0	15	2	0	1	0.09
1	2	0	0	0	0	0	0	0	32	36	0	18	0.32
1	4	0	0	0	0	0	1	0	37	65	0	33	0.19
1	10	10	0	2	0	9	9	1	52	1	0	1	0.33
0	3	1	0	0	0	0	0	0	5	2	1	2	0.18
1	6	0	3	1	0	0	6	0	36	7	7	7	0.44
0	11	0	1	0	4	0	0	1	24	6	0	4	0.51
1	10	0	2	1	0	0	6	0	35	8	8	8	0.35
1	6	2	0	1	0	0	2	0	51	28	0	7	0.52
0	6	0	0	9	0	0	2	0	5	3	0	1	0.62
1	6	2	0	1	0	0	2	0	32	6	0	2	0.46
1	2	0	0	0	0	0	0	0	27	38	0	19	0.27
1	4	0	0	10	0	0	0	0	33	10	10	10	0.66
1	10	0	3	1	0	0	9	0	40	7	7	7	0.39
0	7	0	3	9	3	0	6	13	85	3	3	2	0.4
1	3	0	0	0	0	0	0	0	34	57	0	29	0.19
0	3	4	7	0	0	0	0	0	11	8	1	5	0.25
0	3	3	0	0	0	0	0	0	11	6	1	4	0.16
0	5	0	0	0	5	0	10	0	25	50	22	12	0.31
1	6	2	0	1	0	0	2	0	44	20	0	5	0.48
1	3	0	0	0	0	0	0	0	77	66	0	33	0.58
1	6	2	0	1	0	0	2	0	29	4	0	1	0.41
1	6	0	3	1	0	0	8	0	44	7	7	7	0.43
0	7	0	0	14	6	0	20	0	98	128	26	23	0.52
0	7	0	0	13	6	0	19	0	98	128	26	23	0.55
1	3	0	0	0	0	0	0	0	43	30	0	15	0.6
1	10	11	0	3	0	9	9	1	60	1	0	1	0.38
1	4	0	0	8	0	0	0	0	17	8	8	8	0.54
1	3	0	0	0	0	0	0	0	143	94	0	47	0.38
1	6	0	2	1	0	0	3	0	32	5	5	5	0.44
0	7	0	0	13	6	0	18	0	98	128	26	23	0.52
1	6	0	2	1	0	0	6	0	32	6	6	6	0.41
1	4	0	0	9	0	0	0	0	22	9	9	9	0.59
1	3	0	0	0	0	0	0	0	130	80	99	99	0.52
1	8	0	0	0	0	2	12	0	19	10	0	5	0.52
1	3	0	0	0	0	0	0	0	28	30	0	8	0.66
0	7	0	0	14	6	0	24	0	66	80	18	15	0.54
0	10	2	0	5	3	0	0	0	19	4	0	2	0.38
0	5	0	0	4	0	26	26	0	18	7	0	1	0.25
1	10	0	3	1	0	0	7	0	34	6	6	6	0.37
0	7	0	0	9	4	0	13	0	60	34	11	10	0.61
0	5	0	0	2	3	0	0	1	16	2	0	1	0.35
1	2	0	0	0	0	0	0	0	30	36	0	18	0.3
0	7	0	0	9	4	0	13	0	80	86	24	23	0.56
0	3	10	0	0	0	0	0	0	12	20	1	11	0.19
1	4	0	0	12	0	0	0	0	67	12	12	12	0.52
1	6	0	2	1	0	0	4	0	27	4	4	4	0.41
0	7	1	1	0	0	0	1	0	5	1	0	1	0.41
0	7	0	0	13	6	0	20	0	70	98	21	18	0.47
1	5	0	0	0	0	0	0	0	6	2	0	1	0.85
1	6	0	1	1	0	0	1	0	24	4	4	4	0.38
0	5	0	0	0	0	6	0	0	22	12	12	12	0.43
1	5	0	0	0	0	0	0	0	10	6	0	3	0.32
1	3	0	0	0	0	0	0	0	49	58	0	29	0.66
1	6	0	2	1	0	0	4	0	34	8	8	8	0.42
1	3	0	0	0	0	0	0	0	28	26	0	7	0.68
0	7	0	0	13	6	0	20	0	70	86	19	16	0.44
0	6	0	0	13	6	0	18	0	62	152	30	27	0.32
0	8	0	0	0	0	1	8	0	13	14	0	7	0.2
0	6	0	0	14	6	0	22	0	61	68	16	13	0.59
0	6	2	0	3	0	0	2	0	25	2	1	3	0.38
0	5	0	3	6	3	0	0	6	37	3	3	2	0.51
0	6	0	0	13	6	0	22	0	103	116	24	21	0.51
1	2	0	0	0	0	0	0	0	26	36	0	18	0.28
0	15	0	3	0	5	0	0	1	16	9	0	7	0.38
1	10	0	3	1	0	0	6	0	37	5	5	5	0.38
1	6	2	0	1	0	0	2	0	41	20	0	5	0.47
0	4	2	0	0	0	0	0	20	13	12	4	4	0.43
0	7	49	0	0	0	0	0	49	9	50	0	7	0.26
1	6	0	2	1	0	0	2	0	34	8	8	8	0.4
0	4	0	0	0	1	0	3	0	6	2	0	1	0.85
1	4	0	0	0	0	3	0	0	94	49	49	49	0.59
1	3	0	0	0	0	0	0	0	84	68	0	34	0.62
1	4	0	0	12	0	0	0	0	34	12	12	12	0.57
1	4	0	0	0	0	0	1	0	35	71	0	36	0.17
0	11	0	0	0	0	7	8	0	22	5	0	3	0.59
1	6	0	3	1	0	0	4	0	26	4	4	4	0.37
1	10	0	3	1	0	0	6	0	47	10	10	10	0.4
1	6	0	2	1	0	0	5	0	34	8	8	8	0.41
1	2	0	0	0	0	0	0	0	21	32	0	16	0.24
0	5	2	2	0	0	0	0	2	58	1	0	1	0.4
0	6	0	0	13	6	0	22	0	105	116	24	21	0.51
0	14	1	1	5	5	0	0	0	14	7	0	5	0.37
1	10	0	3	1	0	0	5	0	44	9	9	9	0.4
0	3	21	0	0	0	0	0	0	34	42	1	22	0.34
1	4	0	0	0	0	0	1	0	38	71	0	36	0.18
1	4	0	0	0	0	0	0	0	68	31	46	46	0.56
0	6	0	0	13	6	0	22	0	51	152	30	27	0.27
1	3	0	0	0	0	0	0	0	37	28	0	8	0.74
1	5	1	3	2	1	0	2	0	15	2	0	1	0.3
1	6	0	3	1	0	0	4	0	32	6	6	6	0.41
0	15	0	1	93	1	411	273	1	22	40	0	13	0.12
0	5	0	0	12	0	0	1	0	18	5	5	2	0.36
1	7	0	0	0	0	2	10	0	18	10	0	5	0.52
1	3	0	0	0	0	0	0	0	31	30	0	8	0.65
0	6	0	0	56	4	0	21	0	45	60	10	14	0.45
0	3	1	2	0	0	0	0	0	2	2	1	2	0.22
1	6	0	1	1	0	0	1	0	23	6	6	6	0.36
0	6	0	0	13	6	0	22	0	60	80	18	15	0.58
1	10	0	2	1	0	0	6	0	39	8	8	8	0.37
0	7	0	0	11	5	0	17	0	74	72	18	16	0.51
0	7	0	0	13	6	0	23	0	85	86	19	16	0.61
0	4	2	0	0	0	0	0	32	14	24	4	7	0.36
0	8	0	0	5	0	411	272	0	5	9	0	3	0.03
0	3	2	0	0	0	0	0	0	6	4	1	3	0.14
1	6	0	3	1	0	0	4	0	36	6	6	6	0.45
0	7	0	0	13	6	0	22	0	70	86	19	16	0.48
1	6	0	3	1	0	0	5	0	30	7	7	7	0.39
0	7	0	0	13	6	0	22	0	63	86	19	16	0.55
1	6	2	0	1	0	0	2	0	47	24	0	6	0.48
1	10	0	3	1	0	0	6	0	38	6	6	6	0.39
1	10	0	2	1	0	0	6	0	37	8	8	8	0.37
1	1	0	11	0	0	10	0	0	28	0	0	0	0.53
1	4	0	0	0	0	0	1	0	37	57	0	29	0.2
1	4	0	0	0	0	0	1	0	30	73	0	37	0.15
0	14	2	0	5	5	0	0	0	13	7	0	5	0.26
1	6	2	0	1	0	0	2	0	53	26	0	7	0.51
1	6	2	0	1	0	0	2	0	48	24	0	6	0.5
0	6	0	0	14	6	0	22	0	99	116	24	21	0.5
1	2	0	0	0	0	0	0	0	21	30	0	15	0.26
1	3	0	0	0	0	0	0	0	155	102	121	121	0.44
1	4	0	0	5	0	0	0	0	18	5	5	5	0.58
1	3	0	0	0	0	0	0	0	33	18	18	18	0.44
0	7	0	0	13	6	0	22	0	80	86	19	16	0.54
1	3	0	0	0	0	0	0	0	32	32	0	16	0.78
1	10	0	3	1	0	0	6	0	38	7	7	7	0.36
0	7	0	0	12	5	0	18	0	109	107	25	23	0.54
0	5	0	0	6	1	0	1	0	13	6	3	3	0.56
0	5	0	0	12	0	0	1	0	19	5	5	2	0.37
1	5	0	0	0	0	0	0	0	5	2	0	1	0.71
0	7	0	0	9	4	0	15	0	57	58	17	16	0.5
1	3	0	0	0	0	0	0	0	22	20	0	6	0.64
0	7	0	0	14	6	0	24	0	67	80	18	15	0.54
1	10	0	3	1	0	0	6	0	33	5	5	5	0.35
1	10	0	3	1	0	0	5	0	42	7	7	7	0.4
0	6	0	0	9	4	0	11	0	54	102	28	27	0.32
1	6	0	3	1	0	0	5	0	33	5	5	5	0.44
1	6	2	0	1	0	0	2	0	46	22	0	6	0.49
1	6	0	3	1	0	0	6	0	33	6	6	6	0.43
0	6	28	86	0	0	0	0	0	212	5	0	1	0.43
1	5	1	3	2	1	0	2	0	26	2	0	1	0.39
1	10	0	3	1	0	0	6	0	39	7	7	7	0.38
1	3	0	0	0	0	0	0	0	39	71	0	36	0.19
0	7	0	0	13	6	0	21	0	77	86	19	16	0.51
0	3	0	0	0	0	0	1	0	12	1	0	1	0.85
0	7	0	0	9	4	0	14	0	82	86	24	23	0.55
0	6	0	0	13	6	0	21	0	108	116	24	21	0.56
0	7	0	0	13	6	0	20	0	82	128	26	23	0.52
0	7	0	0	13	6	0	22	0	87	128	26	23	0.53
0	10	1	1	5	3	0	0	0	16	4	0	2	0.39
0	6	0	0	3	0	0	1	0	52	4	0	1	0.69
0	7	0	0	12	4	0	8	13	79	4	4	2	0.44
0	6	0	0	12	0	0	0	0	12	2	0	1	0.14
0	5	1	2	0	1	0	0	1	31	2	0	2	0.43
0	3	19	0	0	0	0	0	0	34	38	1	20	0.34
1	4	0	0	0	0	0	1	0	37	77	0	39	0.15
1	4	0	0	10	0	0	0	0	38	10	10	10	0.73
0	5	0	0	0	0	14	0	0	43	12	12	12	0.49
1	4	0	0	0	0	0	1	0	36	71	0	36	0.15
1	6	0	3	1	0	0	5	0	34	7	7	7	0.42
1	4	0	0	0	0	0	0	0	70	31	42	42	0.53
0	7	0	0	13	6	0	19	0	96	128	26	23	0.58
0	6	0	0	0	0	8	0	0	28	12	12	12	0.52
0	3	3	3	0	0	0	0	0	8	6	1	4	0.25
0	5	0	0	0	0	9	0	0	34	12	12	12	0.62
1	6	0	1	1	0	0	2	0	25	4	4	4	0.39
0	6	0	0	14	6	0	22	0	57	80	18	15	0.54
0	7	0	0	13	6	0	22	0	64	86	19	16	0.52
1	6	0	3	1	0	0	5	0	37	8	8	8	0.43
1	8	0	0	0	0	1	8	0	14	14	0	7	0.23
0	7	0	0	13	6	0	23	0	89	128	26	23	0.54
1	10	0	3	1	0	0	5	0	30	4	4	4	0.34
0	5	0	0	10	0	0	15	0	1	15	0	5	0.11
0	5	0	0	8	4	0	0	8	21	4	4	2	0.17
0	6	0	0	13	6	0	21	0	111	116	24	21	0.54
0	3	4	10	0	0	0	0	0	9	8	1	5	0.25
1	3	0	0	0	0	0	0	0	43	73	0	37	0.17
0	8	0	0	0	0	1	7	0	11	14	0	7	0.2
1	4	0	0	0	0	4	0	0	97	53	53	53	0.58
0	6	0	0	13	6	0	21	0	73	152	30	27	0.32
0	7	0	0	14	6	0	20	0	80	86	19	16	0.47
1	10	0	3	1	0	0	5	0	39	9	9	9	0.37
0	6	0	0	13	6	0	17	0	67	80	18	15	0.56
1	10	0	4	1	0	0	9	0	50	9	9	9	0.42
0	7	2	0	16	0	0	3	0	26	8	4	3	0.42
1	10	0	2	1	0	0	6	0	36	8	8	8	0.36
1	10	0	4	1	0	0	7	0	45	9	9	9	0.4
1	3	0	0	0	0	0	0	0	16	16	0	5	0.55
1	10	0	3	1	0	0	8	0	35	8	8	8	0.34
1	3	0	0	0	0	0	0	0	59	73	0	37	0.14
0	5	0	0	12	0	0	1	0	21	5	5	2	0.4
1	6	0	3	1	0	0	4	0	30	6	6	6	0.39
1	4	0	0	0	0	0	1	0	42	71	0	36	0.2
0	7	0	0	13	6	0	22	0	79	128	26	23	0.51
1	10	0	2	1	0	0	6	0	40	8	8	8	0.38
0	3	0	0	0	0	0	0	0	5	2	2	2	0.62
1	6	0	3	1	0	0	4	0	31	5	5	5	0.43
0	5	4	6	0	0	0	0	4	83	1	0	1	0.42
0	7	0	0	14	6	0	20	0	72	86	19	16	0.49
0	3	28	0	0	0	0	0	0	41	56	1	29	0.3
1	10	0	3	1	0	0	5	0	28	4	4	4	0.32
1	3	0	0	0	0	0	0	0	35	55	0	28	0.22
0	7	0	0	9	4	0	12	0	82	86	24	23	0.57
0	3	22	0	0	0	0	0	0	35	44	1	23	0.31
1	5	1	0	0	0	0	1	0	13	6	0	3	0.3
1	8	0	0	0	0	1	8	0	13	14	0	7	0.21
1	6	0	3	1	0	0	4	0	39	7	7	7	0.45
0	5	0	0	0	0	13	0	0	40	12	12	12	0.51
0	3	24	0	0	0	0	0	0	29	48	1	25	0.29
1	6	0	1	1	0	0	1	0	28	8	8	8	0.37
1	4	0	2	0	0	0	0	0	123	64	84	84	0.54
0	7	0	0	13	6	0	19	0	74	98	21	18	0.51
0	6	2	0	3	0	0	2	0	36	2	1	3	0.43
0	3	1	4	0	0	0	0	0	5	2	1	2	0.23
1	6	0	1	1	0	0	2	0	23	4	4	4	0.35
0	11	0	0	0	3	0	0	0	16	6	0	4	0.34
1	4	0	0	0	0	9	0	0	89	48	48	48	0.56
0	10	1	0	5	3	0	0	0	16	4	0	2	0.44
0	8	4	0	2	0	2	3	2	28	1	0	1	0.3
1	1	0	11	0	0	10	0	0	22	0	0	0	0.55
1	3	0	0	0	0	0	0	0	85	52	0	26	0.57
0	6	0	0	12	0	0	0	0	18	2	0	1	0.11
1	3	0	0	0	0	0	0	0	67	22	0	6	0.62
1	3	0	0	0	0	0	0	0	46	30	0	15	0.65
0	7	1	0	12	0	0	2	0	28	5	5	2	0.45
1	6	2	0	1	0	0	2	0	42	16	0	4	0.51
1	6	3	0	2	0	0	1	0	39	2	2	2	0.46
1	10	0	2	1	0	0	3	0	33	6	6	6	0.36
1	4	15	0	109	0	109	76	0	164	0	0	0	0.42
1	6	0	3	1	0	0	4	0	33	7	7	7	0.4
0	6	0	3	6	3	0	0	6	89	3	3	2	0.46
0	6	2	0	3	0	0	2	0	24	2	1	3	0.46
0	7	1	0	13	0	0	2	0	29	5	5	2	0.45
1	4	0	0	0	0	0	0	0	173	282	0	141	0.41
1	6	0	1	1	0	0	1	0	29	8	8	8	0.38
1	3	0	0	0	0	0	0	0	60	40	0	20	0.62
1	6	0	2	1	0	0	6	0	28	4	4	4	0.41
1	4	0	0	0	0	0	1	0	30	69	0	35	0.15
1	6	2	0	1	0	0	2	0	41	18	0	5	0.48
1	6	0	1	1	0	0	2	0	24	5	5	5	0.38
0	4	0	4	0	0	0	0	0	11	4	0	2	0.34
0	3	13	0	0	0	0	0	0	14	26	1	14	0.16
1	4	0	0	11	0	0	0	0	26	11	11	11	0.63
1	10	0	3	1	0	0	6	0	34	8	8	8	0.35
0	11	11	1	3	0	6	9	2	52	1	0	1	0.35
0	4	2	0	0	0	0	0	20	11	12	4	4	0.39
1	6	2	0	1	0	0	2	0	110	44	0	11	0.59
1	3	0	0	0	0	0	0	0	62	73	0	37	0.15
1	6	0	2	1	0	0	3	0	28	7	7	7	0.38
0	7	0	0	11	5	0	18	0	91	107	25	23	0.57
0	6	1	2	0	1	0	0	0	4	1	0	1	0.36
0	11	0	0	5	1	0	2	0	65	7	0	2	0.52
0	7	0	0	13	6	0	19	0	94	128	26	23	0.56
0	6	0	0	8	4	0	0	8	70	4	4	2	0.39
0	3	0	0	0	0	0	0	0	3	0	5	1	0.75
1	6	0	3	1	0	0	5	0	38	8	8	8	0.4
0	7	3	6	0	3	0	4	0	9	3	0	3	0.45
1	6	1	0	0	0	0	0	0	12	6	0	3	0.35
1	10	0	3	1	0	0	7	0	46	9	9	9	0.41
1	10	0	2	1	0	0	7	0	31	4	4	4	0.36
1	4	7	0	0	0	0	0	0	42	48	48	48	0.28
0	7	2	0	16	0	0	3	0	25	8	4	3	0.41
1	4	0	0	0	0	0	0	0	70	49	61	61	0.5
0	4	3	3	1	0	0	2	0	14	5	0	4	0.36
1	3	0	0	0	0	0	0	0	70	76	0	38	0.66
0	6	0	0	12	5	0	18	0	65	67	17	15	0.55
1	4	0	0	11	0	0	0	0	36	11	11	11	0.63
0	6	0	0	13	6	0	21	0	107	116	24	21	0.47
1	4	0	9	0	0	0	0	0	109	60	83	83	0.5
1	3	0	0	0	0	0	0	0	20	36	0	18	0.32
1	4	0	2	0	0	0	0	0	82	20	30	30	0.52
1	6	2	0	1	0	0	2	0	44	24	0	6	0.48
1	4	0	0	10	0	0	0	0	45	10	10	10	0.53
1	3	0	0	0	0	0	0	0	85	74	0	37	0.58
0	7	0	0	13	6	0	19	0	78	86	19	16	0.47
0	6	0	0	12	0	0	0	0	11	2	0	1	0.2
1	10	10	0	3	0	8	9	1	50	1	0	1	0.34
0	6	0	0	13	6	0	22	0	71	80	18	15	0.51
1	3	0	0	0	0	0	0	0	39	67	0	34	0.17
0	7	1	0	12	0	0	2	0	29	5	5	2	0.45
0	6	0	0	10	0	0	0	0	16	2	0	1	0.07
0	7	0	0	13	6	0	16	0	79	86	19	16	0.47
1	2	0	11	0	0	10	0	0	37	0	0	0	0.64
1	6	0	3	1	0	0	7	0	29	4	4	4	0.42
1	6	0	1	1	0	0	2	0	27	5	5	5	0.4
0	3	3	0	0	0	0	0	0	7	6	1	4	0.15
1	3	0	0	0	0	0	0	0	10	2	0	1	0.71
0	7	0	0	7	0	0	0	0	12	3	0	1	0.41
0	6	0	0	13	6	0	21	0	73	80	18	15	0.51
1	4	0	0	11	0	0	0	0	33	11	11	11	0.62
1	4	0	0	0	0	0	1	0	39	75	0	38	0.15
1	4	0	0	0	0	0	1	0	44	71	0	36	0.22
1	6	1	0	0	0	0	0	0	5	2	0	1	0.83
0	3	0	0	0	0	0	0	0	3	1	1	1	0.75
1	6	0	1	1	0	0	1	0	24	6	6	6	0.37
1	6	2	0	1	0	0	2	0	56	24	0	6	0.5
1	6	0	4	1	0	0	8	0	36	8	8	8	0.41
1	6	0	3	1	0	0	4	0	27	4	4	4	0.39
0	6	0	0	10	0	0	0	0	11	2	0	1	0.13
1	10	0	3	1	0	0	10	0	30	4	4	4	0.34
0	11	6	0	2	0	4	6	2	41	1	0	1	0.33
1	4	0	0	0	0	0	1	0	54	69	0	35	0.22
0	4	0	0	0	0	0	0	0	4	4	0	2	0.36
1	10	0	4	1	0	0	9	0	45	9	9	9	0.39
1	6	0	3	1	0	0	5	0	36	8	8	8	0.39
0	14	1	0	5	5	0	0	0	22	7	0	5	0.53
1	6	0	1	1	0	0	1	0	22	6	6	6	0.35
0	5	0	0	0	0	8	0	0	28	12	12	12	0.47
0	6	2	0	3	0	0	2	0	67	2	1	3	0.43
1	6	0	3	1	0	0	5	0	39	8	8	8	0.43
0	3	3	1	0	0	0	0	0	6	6	1	4	0.21
1	4	0	0	9	0	0	0	0	25	9	9	9	0.59
0	6	0	0	14	6	0	22	0	64	80	18	15	0.52
0	3	0	0	0	0	0	0	0	7	3	3	3	0.53
0	5	0	4	1	2	0	0	0	27	3	0	1	0.38
1	4	0	0	0	0	0	1	0	42	75	0	38	0.18
0	11	11	1	2	0	9	8	2	46	1	0	1	0.31
0	4	2	0	0	0	0	0	32	20	24	4	7	0.45
0	7	0	0	13	6	0	19	0	103	128	26	23	0.48
1	10	0	4	1	0	0	11	0	41	8	8	8	0.38
1	6	0	1	1	0	0	1	0	26	7	7	7	0.37
1	4	0	0	0	0	4	0	0	99	53	53	53	0.59
0	4	2	0	0	0	0	0	24	10	16	4	5	0.34
0	3	9	0	0	0	0	0	0	12	18	1	10	0.23
0	3	7	0	0	0	0	0	0	4	14	1	8	0.1
0	3	2	0	0	0	0	0	0	2	4	1	3	0.22
1	10	0	4	1	0	0	10	0	45	8	8	8	0.4
1	3	0	0	0	0	0	0	0	58	73	0	37	0.14
0	4	0	0	0	0	0	0	0	5	5	5	5	0.41
0	5	2	3	0	1	0	0	2	54	2	0	2	0.41
0	5	0	0	0	0	6	0	0	33	12	12	12	0.46
0	3	0	0	0	0	0	0	0	18	12	12	12	0.41
0	5	0	0	0	0	6	0	0	29	4	2	3	0.38
1	10	0	3	1	0	0	8	0	46	9	9	9	0.4
1	6	0	1	1	0	0	2	0	30	5	5	5	0.44
1	10	0	3	1	0	0	5	0	46	9	9	9	0.4
1	4	0	0	7	0	0	0	0	24	7	7	7	0.85
0	5	1	1	0	0	0	0	1	42	1	0	1	0.51
1	6	0	3	1	0	0	6	0	35	5	5	5	0.43
0	7	0	0	13	6	0	21	0	101	128	26	23	0.54
0	5	0	0	8	4	0	0	8	18	4	4	2	0.22
1	2	0	0	0	0	0	0	0	28	40	0	20	0.26
0	7	0	0	12	4	0	8	22	61	4	4	2	0.37
1	6	0	3	1	0	0	4	0	29	5	5	5	0.4
0	7	1	0	12	0	0	2	0	26	5	5	2	0.42
0	10	1	0	5	3	0	0	0	6	4	0	2	0.27
1	3	0	0	0	0	0	0	0	39	28	0	8	0.69
1	6	2	0	1	0	0	2	0	43	18	0	5	0.46
1	6	0	3	1	0	0	10	0	34	5	5	5	0.44
1	4	0	8	0	0	0	0	0	118	68	90	90	0.48
0	7	0	0	9	4	0	12	0	80	86	24	23	0.54
0	4	4	0	0	0	0	0	0	14	4	4	4	0.31
1	3	0	0	0	0	0	0	0	32	30	0	8	0.71
1	6	0	3	1	0	0	6	0	38	9	9	9	0.4
1	6	0	3	1	0	0	5	0	34	6	6	6	0.43
1	6	0	2	1	0	0	5	0	33	7	7	7	0.42
1	10	0	3	1	0	0	7	0	45	9	9	9	0.39
0	7	0	0	13	6	0	19	0	71	86	19	16	0.5
0	7	1	0	0	1	0	0	0	7	2	0	2	0.38
0	6	1	1	0	0	0	1	0	4	1	0	1	0.44
1	10	0	4	1	0	0	9	0	49	10	10	10	0.41
0	5	1	0	0	0	0	0	1	32	1	0	1	0.42
0	5	0	0	0	0	5	0	0	27	12	12	12	0.45
0	7	0	0	13	6	0	23	0	84	128	26	23	0.51
0	6	0	0	13	6	0	21	0	87	116	24	21	0.54
1	6	0	1	1	0	0	1	0	21	5	5	5	0.35
1	6	0	3	1	0	0	5	0	42	9	9	9	0.43
1	10	0	3	1	0	0	5	0	32	5	5	5	0.35
1	4	0	0	0	0	10	0	0	96	51	51	51	0.55
1	6	0	1	1	0	0	2	0	27	6	6	6	0.4
1	10	0	3	1	0	0	7	0	38	8	8	8	0.38
1	10	0	3	1	0	0	11	0	35	5	5	5	0.38
1	10	0	3	1	0	0	6	0	49	9	9	9	0.41
0	6	2	0	3	0	0	2	0	33	2	1	3	0.42
1	6	0	2	1	0	0	5	0	29	6	6	6	0.41
1	2	0	0	0	0	0	0	0	28	42	0	21	0.25
0	14	1	0	5	5	0	0	0	13	7	0	5	0.61
0	3	15	0	0	0	0	0	0	20	30	1	16	0.16
0	7	0	0	13	6	0	22	0	72	86	19	16	0.5
1	6	0	2	1	0	0	7	0	35	7	7	7	0.44
0	3	4	0	0	0	0	0	0	18	8	1	5	0.21
0	3	1	2	0	0	0	0	0	3	2	1	2	0.33
1	6	0	1	1	0	0	1	0	21	4	4	4	0.36
0	3	23	0	0	0	0	0	0	40	46	1	24	0.32
1	4	0	0	0	0	0	0	0	49	16	25	25	0.51
1	10	0	5	1	0	0	14	0	53	9	9	9	0.43
0	5	0	0	10	0	0	15	0	5	15	0	5	0.41
0	7	0	0	13	6	0	22	0	92	128	26	23	0.57
0	3	1	0	0	0	0	0	0	6	2	1	2	0.37
0	23	15	77	0	34	0	0	10	215	73	0	52	0.4
0	3	0	0	0	0	0	0	0	20	16	16	16	0.37
0	5	0	0	12	1	0	1	0	13	12	3	5	0.43
1	6	0	2	1	0	0	4	0	24	4	4	4	0.36
0	5	1	1	1	1	0	0	1	20	2	0	1	0.31
1	5	0	0	0	0	0	0	0	1	2	0	1	0.25
0	14	1	0	5	5	0	0	0	16	7	0	5	0.44
0	7	0	0	13	6	0	21	0	78	86	19	16	0.52
0	7	0	0	13	6	0	23	0	91	128	26	23	0.56
0	7	0	0	9	4	0	14	0	73	82	23	22	0.6
1	10	0	3	1	0	0	10	0	44	9	9	9	0.39
0	5	0	0	0	0	7	0	0	31	12	12	12	0.55
1	4	0	0	10	0	0	0	0	62	10	10	10	0.47
0	4	2	0	0	0	0	0	32	19	24	4	7	0.44
1	4	0	0	10	0	0	0	0	26	10	10	10	0.61
0	7	0	0	9	4	0	15	0	75	82	23	22	0.61
0	7	1	0	0	1	0	0	0	11	2	0	2	0.52
0	6	0	0	0	0	5	0	0	27	12	12	12	0.44
0	4	0	2	0	0	0	1	0	2	1	0	1	0.07
0	7	0	0	13	6	0	21	0	90	128	26	23	0.5
0	8	0	0	7	0	0	2	0	8	4	0	1	0.33
0	11	13	0	2	0	12	16	2	55	1	0	1	0.34
0	6	0	0	10	0	0	9	0	3	15	0	5	0.27
0	12	0	6	0	3	0	0	0	23	4	0	3	0.45
0	7	0	0	7	0	0	0	0	14	3	0	1	0.48
0	5	0	0	10	0	0	1	0	17	4	4	2	0.34
0	7	0	0	9	4	0	13	0	94	82	23	22	0.64
0	3	22	0	0	0	0	0	0	36	44	1	23	0.3
0	7	0	0	13	6	0	21	0	100	128	26	23	0.53
0	7	0	0	13	6	0	19	0	79	128	26	23	0.54
0	5	0	0	19	0	0	1	0	22	10	5	3	0.41
1	6	0	3	1	0	0	6	0	39	8	8	8	0.42
1	6	2	0	1	0	0	2	0	40	16	0	4	0.48
1	4	0	0	0	0	0	0	0	50	17	28	28	0.53
0	3	24	0	0	0	0	0	0	35	48	1	25	0.29
0	5	0	0	0	0	4	0	0	28	12	12	12	0.45
1	3	0	0	0	0	0	0	0	69	64	0	32	0.66
1	3	0	0	0	0	0	0	0	49	36	0	18	0.71
0	4	4	12	0	1	0	0	0	31	2	0	1	0.46
1	3	0	0	0	0	0	0	0	31	53	0	27	0.21
0	6	0	0	13	6	0	21	0	113	116	24	21	0.54
0	7	0	0	14	6	0	23	0	77	86	19	16	0.53
0	11	10	0	2	0	9	15	2	47	1	0	1	0.33
0	15	1	0	6	5	0	0	0	19	7	0	5	0.4
0	6	0	0	13	6	0	23	0	73	80	18	15	0.52
1	4	0	0	11	0	0	0	0	27	11	11	11	0.61
1	10	0	2	1	0	0	5	0	40	9	9	9	0.37
1	6	2	0	1	0	0	2	0	43	20	0	5	0.49
1	6	0	2	1	0	0	6	0	34	6	6	6	0.44
1	4	0	0	8	0	0	0	0	26	8	8	8	0.65
0	6	0	0	14	6	0	22	0	112	116	24	21	0.53
0	7	1	0	10	0	0	2	0	27	4	4	2	0.43
1	6	3	0	2	0	0	1	0	30	2	2	2	0.44
1	4	0	0	11	0	0	0	0	32	11	11	11	0.65
0	6	0	0	10	0	0	9	0	2	15	0	5	0.18
1	3	0	0	0	0	0	0	0	158	108	0	54	0.37
0	7	1	0	13	0	0	2	0	32	5	5	2	0.47
0	15	1	0	6	5	0	0	0	17	7	0	5	0.51
1	3	0	0	0	0	0	0	0	48	48	0	24	0.59
0	7	1	0	0	1	0	0	0	13	2	0	2	0.41
0	6	0	0	13	6	0	23	0	110	116	24	21	0.52
1	3	0	0	0	0	0	0	0	25	22	0	6	0.69
0	7	0	0	13	6	0	23	0	92	128	26	23	0.55
0	7	0	0	13	6	0	22	0	102	128	26	23	0.57
0	5	0	5	0	1	0	0	0	34	2	0	1	0.41
0	6	0	3	9	3	0	6	12	69	3	3	2	0.44
1	3	0	0	0	0	0	0	0	24	38	0	19	0.27
0	5	0	0	10	0	0	12	0	3	15	0	5	0.27
1	6	0	1	1	0	0	1	0	18	3	3	3	0.32
0	5	0	3	6	3	0	0	6	44	3	3	2	0.4
1	6	2	0	1	0	0	2	0	38	14	0	4	0.48
0	4	0	0	0	5	0	10	0	15	42	6	8	0.42
1	10	0	2	1	0	0	8	0	41	8	8	8	0.38
1	4	0	0	10	0	0	0	0	61	10	10	10	0.58
1	3	0	0	0	0	0	0	0	156	104	0	52	0.4
1	4	0	0	5	0	0	0	0	7	5	5	5	0.46
1	3	0	0	0	0	0	0	0	145	538	0	269	0.35
1	6	2	0	1	0	0	2	0	45	22	0	6	0.49
1	10	0	3	1	0	0	5	0	38	7	7	7	0.37
1	4	7	0	0	0	0	0	0	45	52	52	52	0.26
1	6	0	2	1	0	0	4	0	25	4	4	4	0.38
0	7	0	0	13	6	0	19	0	89	128	26	23	0.53
0	6	0	0	13	6	0	21	0	68	152	30	27	0.31
0	4	0	0	0	1	0	2	0	5	2	0	1	0.83
0	7	0	0	13	6	0	18	0	76	86	19	16	0.46
0	5	0	0	10	0	0	9	0	3	15	0	5	0.27
0	14	1	0	5	5	0	0	0	15	7	0	5	0.39
0	7	0	0	9	4	0	13	0	96	86	24	23	0.53
0	6	0	3	9	3	0	6	6	42	3	3	2	0.52
0	3	0	0	0	0	0	0	0	8	6	2	4	0.33
0	5	0	0	8	4	0	0	8	32	4	4	2	0.16
1	6	0	3	1	0	0	4	0	36	7	7	7	0.42
1	10	0	3	1	0	0	5	0	35	7	7	7	0.36
0	7	0	0	14	6	0	22	0	102	128	26	23	0.55
0	6	0	3	6	3	0	0	6	54	3	3	2	0.44
0	7	0	0	13	6	0	20	0	86	128	26	23	0.55
0	7	0	0	13	6	0	21	0	96	128	26	23	0.57
1	8	0	0	0	0	1	8	0	20	10	0	5	0.58
0	7	0	0	11	5	0	17	0	82	107	25	23	0.52
1	10	0	2	1	0	0	7	0	35	7	7	7	0.36
0	19	7	1	31	30	0	0	0	75	48	0	32	0.41
0	5	0	0	3	1	0	1	0	10	3	3	2	0.52
0	5	0	3	6	3	0	0	6	56	3	3	2	0.42
1	10	0	3	1	0	0	5	0	40	8	8	8	0.38
0	7	0	0	13	6	0	20	0	76	86	19	16	0.52
1	3	0	0	0	0	0	0	0	81	52	0	26	0.65
0	3	21	0	0	0	0	0	0	38	42	1	22	0.35
1	6	0	1	1	0	0	1	0	30	8	8	8	0.38
1	6	0	2	1	0	0	6	0	29	4	4	4	0.42
0	6	0	3	6	3	0	0	6	61	3	3	2	0.45
1	6	0	3	1	0	0	4	0	33	5	5	5	0.42
0	5	0	0	10	0	0	9	0	2	15	0	5	0.18
0	11	9	1	2	0	6	9	2	51	1	0	1	0.36
1	4	0	0	0	0	0	0	0	30	28	28	28	0.26
1	2	0	0	0	0	0	0	0	24	30	0	15	0.26
0	3	6	0	0	0	0	0	0	7	12	1	7	0.1
0	6	0	3	9	3	0	6	12	70	3	3	2	0.5
0	6	4	3	0	1	26	0	5	104	2	0	1	0.44
0	7	0	0	3	1	0	1	0	9	2	2	2	0.52
0	5	4	4	0	4	0	4	0	50	8	0	2	0.46
1	6	0	3	1	0	0	4	0	39	8	8	8	0.45
1	6	0	2	1	0	0	6	0	37	8	8	8	0.42
0	7	0	0	14	6	0	23	0	101	128	26	23	0.56
1	10	0	3	1	0	0	6	0	46	7	7	7	0.42
0	5	1	0	0	0	0	1	0	4	1	0	1	0.66
0	6	43	132	0	0	0	0	0	244	5	0	1	0.38
1	1	0	10	0	0	9	0	0	20	0	0	0	0.39
1	3	0	0	0	0	0	0	0	56	58	0	29	0.67
1	4	0	0	0	0	0	1	0	37	67	0	34	0.16
1	6	2	0	1	0	0	2	0	50	16	0	4	0.5
0	5	1	0	0	0	0	0	1	28	1	0	1	0.43
0	10	1	1	5	3	0	0	0	14	4	0	2	0.37
0	5	0	0	0	0	0	0	5	35	1	0	1	0.36
0	7	0	0	13	6	0	19	0	82	86	19	16	0.47
0	3	7	0	0	0	0	0	0	13	14	1	8	0.22
1	3	0	0	0	0	0	0	0	75	44	0	22	0.59
1	2	0	0	0	0	0	0	0	26	38	0	19	0.27
1	4	0	0	9	0	0	0	0	18	9	9	9	0.47
0	3	4	8	0	0	0	0	0	9	8	1	5	0.25
1	6	0	3	1	0	0	4	0	37	7	7	7	0.43
1	3	0	0	0	0	0	0	0	42	24	0	7	0.68
0	6	0	3	9	3	0	6	12	75	3	3	2	0.48
0	5	0	0	0	0	7	8	0	22	3	0	1	0.59
1	10	0	3	1	0	0	6	0	45	9	9	9	0.4
1	4	0	0	17	0	0	0	0	43	17	17	17	0.63
1	8	0	0	0	0	1	8	0	18	10	0	5	0.54
0	6	0	0	13	6	0	22	0	59	80	18	15	0.58
0	11	14	1	2	0	12	14	2	58	1	0	1	0.34
0	7	0	0	13	6	0	20	0	92	128	26	23	0.52
1	6	0	3	1	0	0	4	0	34	8	8	8	0.39
0	5	2	2	1	15	0	12	2	6	43	6	13	0.18
0	4	0	10	0	1	0	0	0	45	2	0	1	0.43
1	6	2	0	1	0	0	2	0	49	26	0	7	0.5
1	10	0	3	1	0	0	5	0	42	8	8	8	0.38
0	7	0	0	14	6	0	23	0	102	128	26	23	0.58
1	10	0	3	1	0	0	6	0	45	8	8	8	0.4
1	10	0	2	1	0	0	7	0	41	8	8	8	0.38
1	10	0	4	1	0	0	7	0	42	9	9	9	0.38
1	10	0	3	1	0	0	5	0	36	7	7	7	0.37
1	6	2	0	1	0	0	2	0	52	26	0	7	0.52
1	10	0	3	1	0	0	6	0	42	8	8	8	0.38
0	7	0	0	13	6	0	18	0	90	128	26	23	0.54
1	3	0	0	0	0	0	0	0	32	22	0	11	0.59
1	6	0	1	1	0	0	1	0	31	8	8	8	0.39
1	4	0	0	10	0	0	0	0	31	10	10	10	0.58
0	3	4	0	0	0	0	0	0	6	8	1	5	0.17
1	10	13	0	3	0	10	12	1	61	1	0	1	0.38
1	3	0	0	0	0	0	0	0	20	38	0	19	0.29
1	3	0	0	0	0	0	0	0	32	22	0	6	0.72
1	6	2	0	1	0	0	2	0	29	3	0	1	0.45
1	3	0	0	0	0	56	0	0	79	0	0	0	0.56
1	4	0	0	7	0	0	0	0	27	7	7	7	0.67
0	15	0	0	0	5	0	0	0	16	9	0	7	0.34
0	11	0	0	0	0	7	7	0	5	5	0	3	0.11
0	7	0	0	9	4	0	12	0	60	58	17	16	0.53
0	11	0	0	0	3	0	0	1	27	6	0	4	0.42
1	3	0	0	0	0	0	0	0	28	28	0	8	0.62
0	6	2	0	3	0	0	2	0	104	2	1	3	0.41
1	3	0	0	0	0	0	0	0	7	8	0	2	0.53
1	5	0	0	0	0	0	0	0	12	6	0	3	0.36
0	7	0	0	11	5	0	18	0	74	72	18	16	0.51
0	6	2	0	3	0	0	2	0	31	2	1	3	0.44
1	5	1	0	0	0	0	1	0	7	2	0	1	0.43
0	7	0	3	0	1	0	0	1	16	3	0	3	0.38
1	6	1	0	0	0	0	0	0	3	2	0	1	0.42
1	6	0	3	1	0	0	4	0	30	5	5	5	0.41
0	7	1	0	12	0	0	2	0	30	5	5	2	0.46
1	10	0	2	1	0	0	4	0	32	7	7	7	0.34
1	6	0	2	1	0	0	5	0	37	8	8	8	0.41
0	7	0	0	13	6	0	18	0	93	128	26	23	0.54
1	6	0	1	1	0	0	1	0	25	5	5	5	0.39
1	3	0	0	0	0	0	0	0	50	40	0	20	0.6
1	6	0	3	1	0	0	5	0	32	7	7	7	0.39
1	6	0	3	1	0	0	5	0	40	8	8	8	0.43
1	4	0	0	11	0	0	0	0	78	11	11	11	0.58
0	6	0	0	13	6	0	23	0	109	116	24	21	0.52
0	7	0	0	13	6	0	21	0	87	128	26	23	0.5
0	3	20	0	0	0	0	0	0	34	40	1	21	0.35
0	7	0	0	13	6	0	18	0	95	128	26	23	0.55
1	6	0	1	1	0	0	1	0	32	9	9	9	0.41
0	3	4	0	0	0	0	0	0	15	8	1	5	0.21
1	6	0	1	1	0	0	1	0	27	5	5	5	0.4
0	5	0	0	0	0	7	7	0	5	3	0	1	0.11
1	6	0	1	1	0	0	1	0	29	7	7	7	0.37
0	4	6	0	0	0	0	0	0	32	28	0	7	0.47
0	11	8	1	2	0	6	7	2	36	1	0	1	0.31
0	7	0	1	0	2	0	0	1	24	3	0	3	0.51
1	6	3	0	2	0	0	1	0	25	2	2	2	0.45
1	4	0	0	7	0	0	0	0	26	7	7	7	0.65
0	5	0	0	0	0	6	0	0	32	12	12	12	0.45
1	6	0	2	1	0	0	5	0	38	9	9	9	0.42
1	10	0	3	1	0	0	6	0	40	9	9	9	0.37
0	7	0	0	13	6	0	22	0	83	128	26	23	0.54
1	4	0	0	10	0	0	0	0	36	10	10	10	0.61
1	10	12	0	3	0	9	9	1	59	1	0	1	0.37
0	3	3	0	0	0	0	0	0	4	6	1	4	0.22
1	10	0	3	1	0	0	6	0	46	9	9	9	0.38
1	4	0	0	8	0	0	0	0	15	8	8	8	0.48
1	3	0	0	0	0	0	0	0	44	73	0	37	0.17
0	3	10	0	0	0	0	0	0	19	20	1	11	0.31
1	6	0	1	1	0	0	2	0	25	5	5	5	0.39
0	5	0	6	0	1	0	0	0	26	2	0	1	0.47
